OLgene	dir_prot	dir_trans	sig_prot	sig_trans
1	TTR	-0.638244247	0.0941686630413313	0.713398962	0.614214503428313
2	GDA	-1.211418152	-0.640069998557526	0.810505326	0.159568829193514
3	TJP2	-0.31569252	-0.096953708750993	0.296997497	0.746513057328474
4	AK3	-0.450471497	-0.406246480833633	0.705710413	0.122096997755845
5	RPS6	-0.669254684	-0.0711482386654113	1.253958361	0.870019947570134
6	NDUFB6	-0.230464935	0.143451599484409	0.604641903	0.464139951652981
7	VCP	0.578382492	-0.260397665550445	0.695633183	0.164968555166117
8	STOML2	-0.791143036	-0.115983379608076	0.6634079	0.489770744547974
9	TPM2	0.871220398	0.0488855435841617	0.378751187	0.975893421079472
10	TLN1	0.469546509	-0.0221855044969675	0.281130453	0.908348162775848
11	HINT2	-0.716827011	0.156696022828503	2.384086888	0.536307968758453
12	CLTA	-0.24081192	0.187853557066147	0.465846651	0.418648893869512
13	GRHPR	0.081609344	0.0565932767458232	0.10531863	0.877434399445506
14	NANS	-0.226158524	0.236210437872827	0.129831948	0.351561533001946
15	BAAT	1.309416199	0.100889627192959	1.44110499	0.830051843904188
16	ALDOB	0.291685104	-0.141411142115549	0.437530924	0.684582679600385
17	NIPSNAP3A	0.337820435	-0.218858144071141	0.413928712	0.410277051881386
18	RAD23B	-0.382175446	-0.530624775983121	1.228121824	0.0125987114825661
19	TXN	-0.301136398	-0.568613872705744	0.728388242	0.0340911291956117
20	SEC61B	-0.242119598	0.113964866438315	0.305731777	0.737754986116662
21	CHMP1A	-1.416640472	0.0192091445217923	1.673967729	0.91866243546514
22	APRT	0.369151688	0.368646914106498	1.037714824	0.312790754626075
23	COTL1	-0.143795395	0.430086520830332	0.120040977	0.410311544885642
24	GLG1	-0.086203766	-0.146855402143733	0.029933193	0.404653963301149
25	IST1	-0.379008484	-0.215646080427831	0.604914213	0.19013241687906
26	GOT2	0.825050735	-0.144908846393818	1.012027969	0.279482401601049
27	GPT2	0.103855515	-0.622314997074299	0.063487488	0.00753355599844839
28	GPI	-0.002449417	-0.303720368408529	0.002441664	0.221746292220829
29	PSMD8	0.099240875	-0.0666741304112092	0.064931856	0.721974358438927
30	CES2	-0.197307205	-0.26271888694629	0.26571483	0.333679566055462
31	PPP1R14A	-0.773686218	0.715003886707257	0.475625398	0.0387820742673432
32	RNASET2	1.285586929	0.342108490403504	1.923826091	0.241161557475629
33	SSB	-0.646391296	-0.31342384023078	0.718595071	0.0332929022028468
34	OLA1	0.263251495	-0.126339420170353	0.194689945	0.629931824983648
35	SF3B1	-1.739897537	-0.397360360083305	2.415667078	0.0388693512347407
36	NDUFB3	-0.472008133	0.0539385038358508	1.730262814	0.857876981144989
37	NDUFS1	0.807764816	-0.234051706019549	0.843737995	0.292454148474608
38	IDH1	0.039041519	-0.00740816323266323	0.039646874	0.984681770132896
39	CPS1	0.912660217	-0.581729684709766	0.825782404	0.00654888487879724
40	CAVIN2	0.398861694	-0.792508587686069	0.056522332	0.121514986656207
41	FN1	-0.147103119	-0.255368980471191	0.260703343	0.304917176295656
42	PECR	1.508811188	0.586972629421166	1.998201668	0.0434270053045452
43	GPD1	0.041508102	0.304890303463145	0.014029164	0.544441421952253
44	KRT8	1.017793655	1.12715776156875	0.766972077	0.0340911291956117
45	PFDN5	-0.342179108	0.143212260574318	0.183861853	0.614809652496262
46	PCBP2	0.214902496	-0.275954901747416	0.123246661	0.0368792347844188
47	HNRNPA1	-0.376835632	-0.351240887944647	0.19147178	0.218190303590669
48	SARNP	-0.598462296	-0.22857805014406	1.734060193	0.307245203631445
49	CNPY2	-0.17332077	-0.0258332959536855	0.288549796	0.903362067343092
50	GLS2	0.627073288	0.0866461391791608	0.255615452	0.691045173722666
51	ATP5F1B	0.303477859	-0.00320815486232109	0.740168322	0.991359603833513
52	NACA	-0.408106995	-0.229323826925074	0.732523635	0.158299347959754
53	SHMT2	0.112259293	-0.0247096460523485	0.081071123	0.938901481461593
54	DCTN2	-0.175322342	0.0990397105193874	0.189304006	0.560448942048447
55	LMAN1	0.050554657	-0.270831064715399	0.041333803	0.0908696993017307
56	PYGL	1.491570663	0.0614949506990706	2.08863831	0.853317362723525
57	RTRAF	-1.207297516	-0.0547214829357712	1.490577778	0.860166513566313
58	PSMC6	-0.091967392	-0.55579194163906	0.054849699	0.00629840249009967
59	GMFB	-0.237464905	-0.605974741681612	0.4044169	0.0145054485657682
60	TIMM9	-0.920388412	-0.227254616847123	1.177910459	0.414754886728367
61	SUOX	0.501839828	-0.218638147077701	1.775730734	0.341440444149339
62	RPS26	-0.284627151	0.101581853281278	0.587049356	0.620443187624336
63	OS9	-1.510089874	0.0569804291863579	1.236884263	0.755527554417214
64	TMED4	-1.234492493	-0.104167327498232	2.726890992	0.503275494861889
65	AASS	1.613564301	-0.194124751928931	1.265585048	0.472618256868122
66	DLD	0.351173401	-0.263624709092159	0.553573087	0.204569666813831
67	NAMPT	-0.353057098	-0.448902780267866	0.177691354	0.0835180139205439
68	PSMC2	0.34536171	-0.25422875910439	0.451187092	0.231393028049328
69	CD36	0.890969849	-0.467064103661765	0.713030487	0.173133348893761
70	CROT	-1.356472778	-0.778477512402853	3.274854306	3.61847486368943e-05
71	PON1	-1.162231827	-0.8577158528821	0.826627453	0.00397426014294042
72	PON3	0.573810577	-0.678781385226983	0.50595383	0.00354144814140043
73	SLC25A13	0.639205551	-0.591589524398021	0.609521146	0.000846852256109199
74	FBP1	0.394294357	0.171970443354197	1.064584291	0.543388501487306
75	FTCD	0.605286026	-0.0274558715679596	0.801119163	0.940452969983755
76	COL6A2	-1.32980423	1.11268428569398	1.264564001	0.0280112223334147
77	CSTB	-0.32397995	0.108755640671609	0.403786344	0.728165251855298
78	NDUFV3	-0.420057678	0.277847045762347	0.463369263	0.140953622701413
79	CA3	-0.112945175	-0.53688888874768	0.076347798	0.677739647265029
80	CHMP4C	0.740261459	-0.318281691901317	0.421469246	0.210764096710083
81	LACTB2	-0.114690018	-0.0974342100750269	0.087721956	0.708532275281237
82	COPS5	-1.311935425	-0.152751686219793	1.581907052	0.481745545888289
83	ADHFE1	0.704043579	0.287447404255533	0.308291867	0.388321500657601
84	RRS1	-1.411648178	-0.528518090237343	1.909724735	0.0273858155187544
85	TTPA	-0.148603821	-0.669545168358612	0.070365676	0.00638850223897708
86	GGH	-0.172320557	-0.597152044053904	0.137229566	0.0425276242428426
87	GATD3	0.647151947	0.598223771847775	0.853638166	0.016839032645488
88	CCT2	-1.080002213	-0.551961476366786	0.774189105	0.00650585233501775
89	DCN	-0.934313583	-0.930822537457347	0.666643188	0.0310726383832083
90	NDUFA12	-0.669496536	-0.245376691877201	0.41259368	0.163144098399126
91	METAP2	0.311597824	-0.408047308845481	0.094595935	0.00868004751580402
92	AMDHD1	0.731217575	-0.30108558878301	0.692950316	0.199853352024353
93	PAH	0.601972961	-0.779171779118005	0.600724518	0.00192922047170978
94	LUM	-1.169096756	0.774087472666569	2.223321841	0.517955068888537
95	WASHC3	-1.829298401	0.181739883620965	0.601071108	0.519767949655404
96	TOLLIP	-0.214183807	0.142554084722572	0.328106739	0.484465979627769
97	SSR3	-0.579013824	0.148985668211702	0.568140887	0.399064406836262
98	RBP1	-1.055720901	0.456753062648091	0.507477958	0.135309630768818
99	PCCB	0.65471344	0.224093700811603	0.267268112	0.184321692452383
100	OPA1	-0.675731277	-0.332000032212834	0.613869934	0.0782483749099442
101	EIF4A2	0.044882965	-0.235592839820886	0.013323909	0.270077317391534
102	DNAJB11	-0.755888367	-0.343749752700914	1.109429182	0.173757443456241
103	EHHADH	0.881834793	-0.307962616753743	0.447731469	0.0957023948656825
104	PSMD2	1.308362198	-0.0524263975820693	1.346926784	0.80526361375788
105	NCEH1	1.804898453	-0.504497400256572	3.322152744	0.30923212794477
106	COPB2	0.898288727	0.16086017474562	0.463405185	0.42074047725586
107	PPP1R2	-0.436996841	-0.510774308539615	0.437465062	0.0183568989706269
108	SELENOF	-0.111953354	-0.405172718980788	0.115193643	0.0162176498641477
109	MCOLN2	-0.621206284	-0.803879649344225	0.41646048	0.158299347959754
110	ACADM	0.506741333	-0.346006121020322	0.895364294	0.156152651669301
111	CRYZ	-0.254184341	-0.379473882132613	0.106736059	0.0766818769480453
112	AKR7A2	0.554945755	0.225323137736983	0.538288249	0.266412595530566
113	DDOST	0.7114151	-0.0622113687956795	0.778177578	0.824931125673889
114	HNRNPR	-0.379719543	-0.449873965610014	0.489771671	0.0252096853518927
115	RPL11	-0.564793396	-0.021358558702943	0.666506582	0.920062628794047
116	HMGCL	-0.133837509	0.0303264527924397	0.300783516	0.910055287629182
117	CLIC4	-0.623770523	-0.633490724060237	0.496802696	0.015054440506795
118	SH3BGRL3	-0.330805969	0.590206603076216	0.704400735	0.0428101709124768
119	SFN	-1.191376114	-0.304269996844392	0.404338344	0.859003291863844
120	NUDC	-0.377838898	-0.179783842583977	0.867256684	0.571080185736432
121	STX12	-0.029797745	-0.0575692228102277	0.033539635	0.893560058464633
122	DNAJC8	-0.227031326	0.0675165774452007	0.183980616	0.73542276259345
123	ATP5IF1	0.49507637	0.00178208518073353	0.110199804	0.998303935633347
124	RCC1	-1.73590889	-0.11160202459157	1.698273783	0.735038937921181
125	AGMAT	0.724951935	0.0910620081439168	0.465184345	0.752288309585917
126	ALDH4A1	0.567733765	0.0740613790081751	0.66418026	0.770435732253611
127	MECR	-0.071424866	0.0161164956587101	0.036976309	0.970638529007997
128	UROC1	0.633104706	0.034458687336579	0.973305755	0.875499251427642
129	HACL1	-0.516101074	-0.0154249252292831	0.416108352	0.977431659614036
130	CMC1	-0.387342453	-0.0202865876435015	0.14819436	0.953316743093651
131	HIBADH	0.252902603	0.192937564868753	0.61795387	0.27921305875454
132	ACSM1	2.607117081	1.20964326223371	1.294833484	0.000109193668936854
133	CRYM	-0.729708099	-0.112800362581577	0.992875287	0.794149960471857
134	CARHSP1	-0.944382477	1.49886270062535	0.576441918	0.00794750077966021
135	ABAT	0.183047104	-0.0173254026094949	0.168544953	0.950804260771183
136	NDUFB10	-0.330056763	0.191639781367575	0.863415693	0.339668913024554
137	RPS2	-0.150460052	0.412829261594281	0.262283603	0.154089820131737
138	HAGH	0.129613113	0.221696191069236	0.211756013	0.250707912927748
139	RSL1D1	-0.727453995	0.102968653330662	0.863339627	0.764701732440892
140	ECI1	-0.391936874	0.386326416146727	1.679771317	0.194645529683439
141	NHERF2	-2.312335205	0.526479981267355	2.524988455	0.0133390717766213
142	MRPL28	-0.31264534	0.261667632598411	0.226819507	0.0488700770803472
143	POSTN	0.000863647	0.00864193211711074	0.000323401	0.995429940919059
144	HSPH1	0.34850502	-1.39116690037296	0.573111225	0.000281619885585627
145	URAD	-0.824971771	0.195394974361989	1.641709185	0.602736780964516
146	RPL21	0.358146667	-0.209562832818971	0.274053481	0.214571234600194
147	SUCLA2	1.685302353	-0.0598380965765861	1.070490354	0.796525586452702
148	ESD	0.090572357	-0.873649772931105	0.08102088	0.00182452115167857
149	LCP1	-1.075715637	-1.28008263457125	1.058985226	0.00378562940795063
150	TIMM8B	-2.462490082	-0.15651448322492	1.376219576	0.617187524918313
151	PTS	0.079902267	-0.248429431575103	0.073749704	0.303143107312895
152	NNMT	0.517021942	-0.284724993488646	0.254938202	0.384018461825124
153	TAGLN	-0.354586411	1.30144539193184	0.752885889	NA
154	ATP5MG	0.211613846	0.181865425722182	0.278428494	0.271416835460196
155	TTC36	-0.11997261	0.252647670246632	0.25232934	0.437010684855678
156	RPS25	-0.361681747	0.035901233016761	0.678392733	0.805596127531379
157	HSPA8	-0.262192154	-1.4070274359118	0.615961973	0.000877482101680968
158	C3H11orf54	0.205283356	0.0227197302099852	0.177221949	0.943244115795079
159	RPL26	-0.342054749	-0.128265388805624	0.659638013	0.339668913024554
160	EIF4A1	-0.00970192	-0.191531509311892	0.010717954	0.125602216960593
161	EIF5A	0.207719421	0.154914217117848	0.387675136	0.210732252310557
162	PSMB6	-0.033591843	-0.058414748699825	0.057602617	0.803687721881029
163	C1QBP	-0.541374207	0.121979387323584	1.0814965	0.591469264134183
164	CRK	-0.008075714	-0.944328377040027	0.00394993	0.00129454682223621
165	YWHAE	-0.388587189	-0.22596566790906	1.275709314	0.0941930078719344
166	SDF2	-2.129227829	0.109657339020408	3.277300403	0.514831978818447
167	APOA1	-0.402167511	0.446941508871587	0.522124985	0.013585099218026
168	SAT2	-0.462283325	-0.105430068145395	0.317844903	0.889813903318193
169	ASGR1	-0.585607147	-0.190189565566818	1.029615507	0.50057633278597
170	TXNDC17	-0.143022156	0.0478501109579516	0.232555728	0.875647016057573
171	ITIH2	0.220306396	-0.206393197869591	0.188630373	0.473658306560587
172	PTER	0.754826736	0.651690718049082	0.560847388	0.157066972140805
173	VIM	-0.97173233	0.00933839663707901	1.032850793	0.990153021175657
174	ABI1	0.306548309	-0.696552301164033	0.174953184	0.00285163908059588
175	PARP1	-1.006452942	-0.0412486754354852	1.175906561	0.891903853465948
176	HNRNPU	-0.731990433	-0.352020984976748	2.144408275	0.0708628676392153
177	SELENOP	2.088364792	-0.25977510473018	1.303602214	0.414754886728367
178	DAB2	-0.998336411	-0.479686687805115	0.693017746	0.0503739492010662
179	AMACR	-0.043640518	0.158172524449659	0.02668036	0.65420111189547
180	SUB1	0.192746735	0.0609806093744442	0.289022762	0.759395357753425
181	SYNCRIP	-0.998077774	-0.348842443967854	0.551824925	0.0466603402869445
182	SNX3	0.567544174	-0.236729721881047	0.298245996	0.195301502115293
183	TSTD3	-0.162844467	-0.0994213668273755	0.13117899	0.712717953716302
184	MTRES1	-1.205524063	0.018325478907135	0.769902255	0.952445869319786
185	TOMM6	-0.531208801	-0.058196414227349	0.315844798	0.778921783012741
186	CNPY3	0.680552292	0.0285609663578087	0.348321454	0.927703557273622
187	GNMT	0.33166275	0.100727700123817	0.532346662	0.782458344555854
188	HSP90AB1	0.154221725	-0.655824639228918	0.18166271	0.00530862047450468
189	MMUT	0.970877075	-0.402499102966765	0.508064428	0.111799860541899
190	RPS4X	0.383337021	-0.114441624370631	0.685706807	0.433882328377178
191	TMEM30A	-0.16743927	-0.672888787330354	0.132084296	0.00609683081166183
192	RPL7L1	-1.965531921	-0.076910967621203	1.098481119	0.735415246287771
193	MRPL2	-1.114338684	0.0335318875900586	2.048087393	0.911377493794607
194	SNRPD1	0.208554077	-0.0497252446188632	0.160776922	0.913902663106011
195	ATP5F1A	0.263602829	-0.222548277564667	0.867454061	0.326256111815875
196	DSG2	0.014254379	-0.686433829784677	0.00580557	0.0196995577317439
197	PPID	-0.072692108	-0.764754466727594	0.031979722	1.98966965877652e-06
198	ETFDH	1.253570175	0.0799933162099707	0.789606777	0.70504016976765
199	TDO2	0.402426529	-0.313973986219817	0.54538341	0.257376070269268
200	FGG	0.324933243	0.194272206437739	0.485069823	0.638641825391288
201	RPS3A	-0.196653366	0.161374785725186	0.396423931	0.477567550127805
202	FGA	0.317008591	0.169895740357162	0.453587245	0.702060151070292
203	AIFM1	-0.574656296	-0.0118055887512565	0.924840941	0.967418325576314
204	HSD17B10	0.060467529	-0.0983082275265323	0.100338961	0.74871486822907
205	SSR4	-0.434125519	0.104493162369639	3.183264097	0.635910745606027
206	BGN	0.142018127	0.222863327007453	0.113708893	0.645831992430864
207	MMGT1	-0.443750381	-0.770487922133862	0.381682193	0.00130956676215588
208	MIX23	0.272637939	0.197857017565801	0.268961041	0.382191244914615
209	HGD	0.271623993	-0.513029029902627	0.341729684	0.0334863144650902
210	NDUFB4	-0.951453781	-0.0996964745452756	1.474904321	0.598245881595216
211	ATP6V1A	-0.783422089	-0.52421874430987	0.467244707	0.0241455937611767
212	RPL24	0.430646896	-0.0579545654505839	0.578565755	0.689640643872135
213	TFG	-0.051008987	0.0690767811016894	0.026619969	0.88645962926689
214	TOMM70	0.002646255	-0.321346931675423	0.001739979	0.100857471719934
215	SEPTIN7	-0.150564575	-0.384784720559207	0.113691495	0.115413083873067
216	INMT	-0.70465889	-0.620076098462451	0.724103651	0.0564326217616051
217	PLPBP	0.338573837	-0.131616587378925	0.228305992	0.506854061056253
218	GSR	0.499916458	-0.0669617266384376	0.793236704	0.838317129955117
219	CHMP2B	-0.540582275	-0.45828524388603	0.6593462	0.123312415651068
220	ENO1	0.0508358	0.101944110772471	0.087143005	0.701678697934047
221	SERBP1	-0.748617172	-0.459141877490698	0.982304258	9.86773409907171e-05
222	MAGOH	-0.517070007	-0.155212644790284	0.318935333	0.599595239800731
223	CPT2	1.342502213	0.186252492460452	0.853055316	0.563825143438938
224	BTF3L4	-0.291461945	0.0674860748614358	0.572517842	0.796835989485575
225	TXNDC12	-0.396239853	-0.200344617007818	0.527730234	0.199965065360979
226	FGGY	0.750172806	-0.283680123829975	0.513945825	0.387307549419206
227	RBP4	0.926781464	0.306512448063016	0.87493091	0.073989556669819
228	MAT1A	0.629563904	-0.0213036777950537	0.699488166	0.960387822632982
229	UPB1	-0.096240997	-0.250067370509512	0.13390556	0.258439040626735
230	SNRPD3	-0.374414444	-0.383009636411365	0.488924286	0.0513275299063485
231	GGT1	-0.42702179	-0.552202634994587	0.939622928	0.0336066603746145
232	DDT	-0.465224838	-0.173200067777638	0.763766944	0.385285780566295
233	MIF	-0.822903061	0.0627656411243189	1.23854385	0.870019947570134
234	SDF2L1	-1.579202271	0.0804178535855447	2.530634042	0.848267712097889
235	MRPL40	-1.051675034	0.0682385263914789	1.81999445	0.764020341057309
236	RANBP1	0.052553558	0.238187287083052	0.027104763	0.249373080330446
237	PRODH	1.506600952	0.0627570259612496	0.922178417	0.848589118368085
238	CISD1	-0.262562561	-0.0761209770830853	0.425928776	0.709376922479127
239	MBL2	0.037393951	-0.0735781469442695	0.015192427	0.842903781746377
240	TFAM	-0.72883606	-0.683107350861598	1.495122504	0.0201078196677618
241	NDUFB9	0.054279327	0.347919819189138	0.085266924	0.0618885389443851
242	ANXA13	-0.163277817	-0.791617810451503	0.043673021	0.267116291682383
243	EMC2	-0.056008911	-0.0678985593490255	0.065222886	0.794743908307125
244	NCALD	-1.310474014	-0.411703547180877	0.875302287	0.481886747158619
245	NAPA	-0.106335068	0.234238285826312	0.043867398	0.222718451556969
246	SAE1	-0.692035675	0.221301893070439	0.98170989	0.287621909100815
247	SNRPD2	-0.366940308	0.0818947113931212	1.056867263	0.895798574862812
248	APOC2	-1.091211319	-0.887317359057016	0.716729621	0.452479932248399
249	APOC1	-0.059676743	0.304948814948139	0.047346125	0.0442779824868255
250	LIN7C	-0.287099838	-0.515907974872362	0.166050335	0.0465918717190496
251	CAT	-0.520871735	-0.195231047609795	1.732715611	0.417166456586162
252	CD44	-1.12461586	-0.735177067221191	0.606332066	0.154718069421941
253	API5	-1.84590416	-0.304221612168395	0.720851968	0.502073015484304
254	HSD17B12	0.579690933	0.0855731119522771	0.652350421	0.725752748058717
255	PDHX	0.174188614	-0.760608456754507	0.124283148	0.000931885162119318
256	OCIAD1	-0.310005951	0.113919426861522	0.328958249	0.622784804629316
257	UGDH	-0.005593109	-0.519275373321385	0.006596545	0.222403024654782
258	ITGB6	-0.313582611	-1.62317436021316	0.535578755	0.142668546960862
259	RALB	-0.180418777	-0.0551882989596017	0.143982319	0.866343777100834
260	DBI	-0.216205597	0.19067620898162	0.453392697	0.248335480294153
261	STEAP3	0.890562439	1.53038367072981	0.889319619	0.000571120937407482
262	GSTK1	0.168828201	0.169731208078714	0.08111476	0.63693762980984
263	NDUFB2	-0.053763962	0.275720365530829	0.037337784	0.313527876289216
264	AKR1D1	-0.392591095	-1.7147646366251	0.417530993	1.39233217789557e-09
265	MTPN	-0.552158356	-0.132932017939508	0.595199487	0.538992795559601
266	BPGM	-0.380634689	0.187800950146035	0.141659211	0.440596699925419
267	ATP6V1F	-0.641989517	0.363220461994135	0.713679602	0.139715769274495
268	SND1	-0.259960938	0.155722484509078	0.099981577	0.596413704055007
269	TRIM23	-0.422456741	-0.449113793973509	0.404349845	0.179925923501298
270	MRPS36	-0.94381218	-0.231067464427332	1.691633151	0.22341295475801
271	BTF3	-0.164701462	-0.202896368804318	0.421198712	0.193767147651493
272	PSMD11	-0.470149612	-0.408766736549385	0.4466048	0.00963076327750759
273	ZNF830	1.762668228	-0.0859596090676411	0.489067308	0.806516317888564
274	DHRS11	-0.020345688	0.236324073069442	0.024059355	0.380953979363566
275	CLTC	1.66906662	-0.529313276084607	0.81750006	0.0118321918396073
276	SCPEP1	0.0031147	0.209454723295391	0.002045011	0.419020477116135
277	COL1A1	0.221134186	1.24960648942045	0.082394301	0.139133261085935
278	PHB1	-0.197732544	0.0933877960178218	0.67679272	0.601782504491057
279	CBX1	-0.561870193	-0.275877933196128	0.407893106	0.0874113342085611
280	SCRN2	-0.562503052	-0.0282113590609901	0.529975354	0.931737033542107
281	KPNB1	0.570210266	-0.441235239582175	0.437114859	0.000512181716438819
282	RPL23	-0.40520134	-0.00437721210454308	0.806060111	0.981869769906235
283	LASP1	-0.194358826	0.152565513819702	0.313848273	0.706111962020151
284	MIEN1	-0.639562988	0.0570968106492155	1.026027507	0.817888764024923
285	EIF1	0.045933914	-0.118617897299498	0.028149084	0.58997641247406
286	RAB5C	-0.306832886	0.067507554722304	0.56261835	0.609541060147544
287	CAVIN1	0.126734543	0.604186171295506	0.066196524	0.271409720273709
288	PSME3	-0.016117859	-0.0353802478779233	0.005876292	0.877836433960711
289	RPL27	-0.413138962	0.139052587533958	0.600723591	0.433361116128487
290	VAT1	-0.391623306	-0.070285424723286	0.231021792	0.895928181190523
291	CA4	-0.638507462	-0.481496427782293	0.453395339	0.536884582981353
292	PNPO	0.841090775	-0.0254470403499341	0.818962833	0.931789005301126
293	KRT9	0.989116287	NA	0.265828921	NA
294	NAGLU	0.73139267	0.933177522489987	0.534557372	0.000115304365611071
295	ALDH8A1	0.304333115	-0.199262918795417	0.474262619	0.400989002475494
296	ARG1	-0.12362709	-0.626854222156767	0.265968052	0.00162515607941771
297	AKAP7	-0.892454147	0.210753625231127	0.548045036	0.565951832534135
298	ENPP3	1.364691162	-0.0558148610457777	1.046346831	0.9327877641494
299	CCT7	0.068204498	-0.288679732838498	0.028375145	0.106892131781195
300	SPR	0.040345001	0.227768863502675	0.087028179	0.517820979692726
301	FAM136A	-0.156158829	0.194889437717309	0.262756598	0.572678861496873
302	SNRPG	-1.491094208	-0.201393088583823	1.223087444	0.481654130404212
303	PCBP1	-0.395586777	-0.0845712007116996	1.19901065	0.63726964320937
304	ANXA4	-0.590427399	-0.918018612857247	0.362906677	0.0512806418023349
305	MDH1	-0.035256195	-0.263773595204354	0.044407107	0.254379082244216
306	PTRHD1	-0.392438889	0.512140778132914	0.35986837	0.337713860274622
307	IAH1	-0.279909897	-0.0852741227019203	0.262409022	0.786950674970829
308	NEDD8	-0.536600876	0.1083761617448	0.658235799	0.617066200891372
309	PSME2	0.328125763	-0.0370435066188478	0.255670828	0.904887096324826
310	PSME1	-0.42806015	-0.00285901039827794	1.185226176	0.994291806298756
311	PSMB5	1.300679779	-0.0938800137279887	0.768841241	0.621902091063125
312	DAD1	0.021446609	0.125428444198875	0.012743235	0.660877339010264
313	APEX1	-0.781633759	-0.210255250541505	1.317831418	0.457783788116921
314	SRP14	-0.731775284	-0.0468240551676823	0.681556307	0.882548992076716
315	IVD	-0.120191956	0.143306205098214	0.126109242	0.650227646445254
316	GCHFR	0.806755447	0.513443360565881	1.435480963	0.00895679575730149
317	CHP1	-0.271107483	-0.496918752208103	0.6692743	0.000280874392233032
318	SNAP23	-0.174431229	-0.398731858679866	0.425396469	0.0388693512347407
319	UBR1	-3.178269577	-0.737371975932961	1.139598317	0.00450812326509144
320	PDIA3	-0.358580017	-0.373994297424767	0.689141617	0.0936605554911926
321	HYPK	-0.376110077	-0.0637487461793845	0.352445319	0.780346739925062
322	EIF3J	-0.423101807	-0.15837149801709	0.60450308	0.369336682788186
323	BLOC1S6	0.286772919	-0.445551838545135	0.21570433	0.177737103378979
324	MDP1	0.3090271	0.638074674063127	0.211281486	0.0305764931972426
325	RMDN3	1.466680145	-0.165697284351052	1.627997131	0.530464596652564
326	B2M	-0.489630508	0.0892847247394407	1.01557724	0.786119814759154
327	SORD	-0.961608887	-1.00188997399089	1.220631405	0.0126130334299026
328	HSD17B4	0.172174835	-0.197355046233123	0.326703322	0.431726216683276
329	SNX2	0.10789299	-0.206364851183779	0.084897162	0.287892350554548
330	ALDH7A1	0.092181778	-0.0605887785021187	0.203349497	0.817888764024923
331	LMNB1	-0.961758423	-0.437742629800431	2.549496658	0.0471224363524391
332	HSPA4	0.47657814	-0.582708944232033	1.122154597	0.000324496830760927
333	VDAC1	-0.25437088	-0.371619077356203	0.604562353	0.0647843869061617
334	SKP1	-0.264130402	-0.369317823549407	0.315273537	0.0337230151203401
335	PPP2CB	1.026217651	-0.192289339532547	0.99091065	0.50258304219744
336	SAR1B	-0.168094635	-0.828967357890914	0.315285509	0.00131893370696588
337	TGFBI	-1.350163651	0.915833729646024	2.021740003	0.130384964491489
338	MATR3	-2.688217926	-0.506632756625478	2.002219071	0.0226247928995235
339	PAIP2	-1.056687164	-0.256444667348094	0.517409828	0.0837483845836157
340	PFDN1	-0.773734665	-0.176277502832762	1.332287181	0.433609465017586
341	NDUFA2	-0.520756149	-0.0227438617792744	1.524489534	0.946913324846266
342	MZB1	-0.402643204	-1.32347595657116	0.517810996	0.0584303995832797
343	SNRPE	0.567271423	-0.0319263391006334	0.353313862	0.910055287629182
344	TMED10	-0.156757355	-0.547219148101423	0.234223928	0.0138410776726252
345	CALM3	-0.011431885	0.444316007051691	0.011472004	0.0144607639993042
346	ASAH1	0.050824356	-0.710411312826195	0.048257634	0.00101315625968163
347	SORBS2	-0.747693634	-0.411680862544948	0.360337803	0.0915310230487668
348	SLC25A4	0.090555573	0.170373695533394	0.051865531	0.651406016503535
349	ACSL1	1.369045639	-0.583116008646592	0.990886438	0.0176920520235833
350	AADAT	0.449488068	-0.211865703431266	0.265605142	0.409547378452902
351	NDUFA9	1.305423737	0.11270962384364	0.712259035	0.564185487127744
352	GAPDH	-0.041816711	0.193241795330805	0.113718943	0.417303353946087
353	HMOX1	-0.630501938	0.0927491032694418	1.430019768	0.929143489639344
354	MB	0.53830452	-0.211974753171627	0.199141964	0.698524587812293
355	RPL3	0.118089676	0.131542805036451	0.115718496	0.588959688679645
356	ST13	-0.420724106	-0.270078144599003	0.30670719	0.0431917078150406
357	ACO2	0.679402924	0.314454769421641	0.717248132	0.10195305245404
358	NDUFA6	-0.402563095	0.28206654422739	0.334758226	0.203477391596222
359	PACSIN2	-0.472445679	-0.441823972900516	0.680200091	0.080424854347161
360	TTC38	-0.098226547	0.334135220265712	0.045243769	0.135817128813598
361	M6PR	-0.311828613	0.393650408707145	0.3903988	0.00193574486982288
362	TXN2	-2.431456757	0.450553777735115	1.385864983	0.0560467890584878
363	LGALS2	-1.173889542	-0.543700318097554	0.525076484	0.135327597874837
364	CCDC134	-0.50899353	0.093454468557928	0.404675273	0.723327231849434
365	NAGA	0.575055313	0.158792321772887	0.335496606	0.463699153666091
366	CRELD2	0.539950943	0.364661551111398	0.70059579	0.386573456107672
367	TYMP	-0.205096436	0.572307693993403	0.365432518	0.110992236643055
368	SERPINH1	1.721265411	-0.222144287289425	2.114794181	0.654562578594508
369	HAO1	0.213714218	-0.180720642517262	0.253158206	0.602866911978762
370	DDRGK1	-0.287429428	-0.0183751630294175	0.313892699	0.932299905134218
371	PGAM5	-0.386869812	0.158799770484467	0.454928703	0.619367923927982
372	PSMD9	-0.67142868	0.550308900531543	0.446134576	0.0273858155187544
373	HPD	0.352291107	0.469290470957349	1.466100468	0.00895679575730149
374	VPS29	0.147137833	-0.278983891391493	0.076087807	0.136947554171632
375	RPL6	-0.882670975	-0.0850317998377343	1.699051868	0.71062358603937
376	PEBP1	-0.122208023	-0.118097580354532	0.105719049	0.842903781746377
377	RPLP0	-0.043629837	-0.138531808469122	0.055644652	0.341440444149339
378	MLEC	0.185346985	-0.0885103437290823	0.121674753	0.663942350597778
379	PLBD1	0.406547928	0.513024066464624	0.296790027	0.052341805879308
380	HEBP1	0.13636322	0.477083409810338	0.081152573	0.156662465630872
381	NOP16	0.043527222	-0.0293191567463427	0.042252719	0.921487171345823
382	ARF1	-0.408971405	-0.0565145842582638	0.773951813	0.797010887583009
383	GPX3	0.399832916	0.504243693493401	0.347801247	0.00226299040892428
384	GUK1	-0.586444855	0.443337341876644	1.260999319	0.0207961298022077
385	PGK1	-0.163637543	-0.470218480753688	0.255986548	0.00182661242712812
386	CSTF2	-0.257468414	-0.356269927747092	0.188253891	0.111115620517988
387	TIMM8A	-0.530184555	-0.254361247246181	1.196629086	0.292162069053476
388	GLA	0.820200348	0.15846146041909	0.75289643	0.595363267033468
389	PPIB	-0.393047333	0.199964519969968	0.91721646	0.271629809610352
390	RPLP1	-0.322426224	0.152178213420218	0.503546063	0.538535690331776
391	PKM	0.297082901	0.362787774012765	0.151357828	0.18312148371481
392	ETFA	0.215089417	-0.0883265171554478	0.485331164	0.690874826070817
393	PSMA4	-0.121538925	-0.0782988004852092	0.198963247	0.729129755932997
394	TMOD3	-0.250291061	-0.850545983234588	0.520068181	0.00627950222941664
395	SLC27A2	0.301546097	-0.438090302401892	0.265293707	0.127080801031788
396	NDUFV2	-0.200980759	-0.115763134344259	0.373421208	0.571727983341644
397	PRDX3	0.335574722	-0.0113206875737917	0.696223605	0.967418579015086
398	ACSL5	0.121416092	-0.119373050499424	0.11148484	0.629908838141131
399	SUCLG1	1.475720978	0.362432683776773	0.85095552	0.0564326217616051
400	FABP1	1.249119186	1.72100412346045	0.935671521	0.0748227824133234
401	VAMP8	-1.031435013	0.119761778805403	2.485952228	0.44956342389023
402	DTD2	0.732498169	0.178547137059745	0.596406389	0.532637237393323
403	FKBP3	-0.466999435	0.0192618206864974	0.814282902	0.936208384243289
404	TMSB4X	-0.070483017	-0.59751766988761	0.041532167	0.0609116752644465
405	PDHA1	0.923518753	-0.305626799820313	1.310637741	0.222224851586165
406	NUMB	-0.147236252	0.208321510859978	0.04314337	0.292406475805331
407	SYNJ2BP	-0.323869324	-0.276586662411081	0.860347127	0.188116783487909
408	ERH	-0.555535126	-0.092074601166015	1.682354031	0.63575015001501
409	MTHFD1	0.743387222	-0.503336090312569	0.551837934	0.0511620759596399
410	CHD6	-1.351588058	-0.204135248848365	1.038134517	0.445559395986569
411	RPN2	0.737730408	-0.174580280888614	0.386416345	0.273013400200588
412	MYL9	-0.098530197	1.82995909747176	0.077473883	0.00898559634396805
413	EIF6	0.012930679	0.276802492212235	0.009462596	0.100857471719934
414	AHCY	0.362835312	-0.252012137866312	0.748300095	0.224771177101165
415	EIF2S2	-0.456578827	-0.0361366575321448	0.367839773	0.860975718336111
416	RALY	-0.277672577	0.0529778736178087	0.133715008	0.810168230732515
417	CHMP4B	0.378770828	0.249405124581458	0.449064546	0.300393438557916
418	HM13	0.718015671	0.286574261151718	0.465749226	0.159427482765945
419	AIMP1	-0.322515488	-0.243776420417912	0.331459223	0.315557949685303
420	SUCLG2	0.664925003	-0.4771098393061	1.150797968	0.161171341776767
421	SHMT1	0.693520737	-0.112124246033486	0.306272672	0.656257590123879
422	OTC	0.126730347	-0.326445257215592	0.189660323	0.0759205228479228
423	NDUFB11	-0.764080811	-0.00387956837303175	2.19882453	0.984681770132896
424	RGN	-0.311803055	-0.49045635407504	0.468582307	7.18175546734206e-05
425	MAOA	-0.226438904	-0.839029407770452	0.273029482	5.19625676342984e-05
426	ALDH1A1	-0.106347275	-0.722822128530755	0.100529635	0.000115911505120217
427	ANXA1	-0.887930679	-0.667636051690348	0.698036537	0.121244503859179
428	OSTF1	-0.232890701	-0.138094006375512	0.267769294	0.454344228148695
429	EPRS1	0.225202942	-0.150867056136167	0.110156323	0.377951575941361
430	BPNT1	-1.114123917	-0.686612200668385	0.689002582	0.00259725574584585
431	MTARC2	0.064812851	-0.161898902642773	0.064775947	0.498455075660809
432	SRP19	0.202657318	0.0162150803564061	0.092953871	0.950117130956946
433	LSM3	-0.520027161	0.438268146645265	0.559736479	0.36872045075795
434	ACAD9	0.917078781	0.424317800263882	0.751701524	0.101435128885189
435	DMGDH	0.897237015	-0.702583039150925	0.724547007	0.00800557127731829
436	MRPL41	-1.086029816	0.468430008090328	0.987877815	0.472110733099818
437	RPL35	-0.725315094	0.23927605921357	1.139605842	0.269734059546851
438	SARDH	0.756404495	0.032718453801492	0.375123203	0.910514554831587
439	RPL12	-0.479071426	0.0909894621071678	1.142860131	0.792729789214238
440	NDUFA8	-0.131926727	0.294681987937272	0.098049917	0.117792326507896
441	NUCB2	-0.220936966	0.0330615887681479	0.379392165	0.962401358794964
442	PSMA1	0.110936737	-0.319305660437213	0.202831585	0.107102080843257
443	NDUFS2	0.481549072	0.312855951129256	0.161586726	0.0604225048890001
444	UFC1	-1.353588867	0.169081108841673	1.328449204	0.232388609999453
445	F11R	-0.906474304	-0.115834907062926	1.464530873	0.626888804219225
446	NCSTN	0.06375351	0.21067235309879	0.025203741	0.239513168423017
447	TAGLN2	-0.473851013	0.216625825771516	1.534601076	0.702871653960361
448	DPT	-1.0091259	3.08406302690724	1.333630083	NA
449	ALDH9A1	-0.313762665	0.255412037882531	0.845473324	0.491187497815905
450	MGST3	-1.013436508	-0.0632014668842906	0.726162729	0.798433741601335
451	APOA2	-1.040142059	0.360077815096591	0.785462184	0.159654783782088
452	FCER1G	-0.99979744	0.488477517869339	0.459960148	0.356249793640366
453	RPS27	-0.170302963	0.0856611989310774	0.398602989	0.601364663514644
454	RWDD1	-1.102720642	0.146880170198106	0.863692138	0.379621014986348
455	GGACT	0.643360901	0.806667495687467	0.678719703	0.00327454733993801
456	ARGLU1	-0.847235489	0.431904495282527	0.612296086	0.0128788790853121
457	SRPRA	0.771138763	-0.0137108488226687	0.798750811	0.977431659614036
458	ACAD8	1.309317017	0.287329955335306	1.069366037	0.204569666813831
459	HYI	0.508866501	0.662179230015238	0.856253109	0.0637141531517212
460	PPT1	-0.215645218	-0.461952949786019	0.162322383	0.00399037653025207
461	CAP1	0.827562714	-0.19796730963992	1.209786293	0.252623244192605
462	NDUFS5	-0.337120438	0.119394818211246	0.644091506	0.52829802346729
463	MYCBP	-0.754950333	-0.119262272783769	3.402364816	0.683130021221305
464	PSMB2	-0.220026398	-0.187353973796661	0.408143551	0.328364055504993
465	AK2	-0.267925262	0.138573366676753	0.901844963	0.349995273347438
466	SNX5	-0.817988205	-0.197583480380399	0.798207051	0.367592735952405
467	SLC25A5	0.082612991	-0.61457375319635	0.109074565	0.0093027386634038
468	PGRMC1	-0.692698288	-0.374444469437632	1.224549075	0.0412678217142466
469	PLS3	-0.635033417	-0.317596742341632	0.475843801	0.114466617252147
470	RPL14	-0.207239532	-0.112279792807804	0.2531215	0.504927016487474
471	ACAA1	0.137581253	0.203186095777936	0.12280504	0.496857469787591
472	DBT	-0.232775116	-0.404870865266831	0.084203473	0.0822453633086706
473	CLU	-0.082175827	0.735701124890036	0.093573396	0.0110812644166968
474	HNRNPM	-1.008569336	-0.156157843546826	0.557842256	0.472538460683018
475	RAB11B	-0.12103157	0.173538574432293	0.167282754	0.431726216683276
476	TIMM44	0.730954742	0.31732418691563	0.833844266	0.0705945823390256
477	PTBP1	-0.735257339	-0.0949728699543968	0.809609124	0.691045173722666
478	ATP5F1D	-0.390280533	0.53348833422022	0.674535196	0.0532599392221711
479	TIMM13	-0.576186752	0.491259098954356	2.160812794	0.0525691838957125
480	SGTA	0.043385315	0.393192513020145	0.033499996	0.0382839241176092
481	AZU1	1.271744537	-0.235863475828612	0.761744522	0.845443490779256
482	NDUFS7	0.921543884	0.37050081704598	0.763641378	0.0176662784943897
483	LMNB2	-1.071356201	0.00490934502966345	2.6950516	0.992371613129051
484	ABHD14B	-0.104052734	0.0542190453176016	0.25086767	0.850121407023928
485	MANF	0.059938049	-0.262559725871403	0.088981771	0.414754886728367
486	AMT	0.372358322	0.339188616569565	0.509003374	0.0708613315186192
487	RHOA	0.075102997	-0.131435761157466	0.040311935	0.44956342389023
488	GPX1	-0.808663559	7.16521098832017e-05	1.921817969	0.999862333492004
489	IMPDH2	-1.260389328	0.0323386012814647	1.397717481	0.895928181190523
490	SLC25A20	0.765769958	0.148260140765648	0.534867821	0.494169414167536
491	RACK1	0.571789551	-0.046538796294173	0.533705356	0.82301070095549
492	ANXA11	0.106387711	0.319521730854393	0.040547516	0.196084087596188
493	DNAJC9	-0.956803513	-0.223107569076294	0.946235066	0.441772107445431
494	HNF1A	0.890953827	0.130433659364486	1.284204309	0.716527581770785
495	MMAB	0.065594864	0.84612803988975	0.069474517	0.019408700430524
496	NIPSNAP1	0.188619614	-0.0240739558359221	0.113253941	0.91866243546514
497	C5	2.996518326	0.327436348255029	1.47072555	0.241260982326867
498	GALK1	0.03718605	0.293406010876139	0.012603581	0.36872045075795
499	ATP5PD	-0.428112793	0.230695918404793	1.168505638	0.142987054061604
500	NHERF1	-0.545733643	0.376904113631827	0.939119515	0.0949470520362696
501	MSN	-0.19349556	-0.53987145825834	0.231744733	0.121422970624684
502	EIF5B	-0.084755325	-0.169464455712372	0.086794896	0.150407574001608
503	TUFM	1.407951736	0.221586864703807	0.730957487	0.183989914677378
504	CORO1A	-0.293580246	-0.505960880550791	0.228322366	0.241291146800478
505	CCT6A	1.417675018	-0.61031862556752	0.923634366	0.00383253396559788
506	MVP	1.244326401	0.612929553528345	1.025089446	0.0127875546614154
507	QPRT	1.06393013	0.453387225558284	0.947790332	0.131699590862268
508	STX4	-0.323965073	0.0602601001207383	0.158334326	0.788539309393039
509	HAAO	0.3255867	0.376569481044361	0.863955815	0.038587912917766
510	GALM	0.312907791	0.72065749346004	0.369694708	0.00143077728619667
511	KATNAL2	0.935623932	0.23180059382788	0.798427737	NA
512	RPL17	-0.632388687	-0.508261217302973	0.532400069	0.278863457519058
513	ACAA2	1.150245285	0.533563141062207	0.911108723	0.00189131088111614
514	C2H18orf32	-0.36463623	-0.220746344198255	0.30789025	0.407922029401203
515	APMAP	1.857791901	1.74595355434258	1.677870879	7.58559026780326e-07
516	KRAS	0.377021027	-0.42420732837467	0.217667816	0.0604471220909427
517	CAPZA1	-0.564629745	-0.309693724755609	1.250953333	0.18691988635172
518	NPM3	-0.668405533	0.414460691010065	1.045480009	0.0428101709124768
519	NDUFB8	-0.674962997	0.27408993226004	1.190509152	0.0562801211233214
520	GOT1	0.24226265	-0.398091343352048	0.334173601	0.139140867057251
521	PGAM1	0.048032379	0.165018612705967	0.089669317	0.469764544014632
522	SORBS1	-0.944383621	-0.497498921515145	1.062488337	0.00905546066266418
523	SRP72	-0.607407761	-0.0149758011820627	0.65103922	0.965892523645111
524	FHIT	0.983448029	0.377346056764279	1.565782234	0.354865306278938
525	ACOX2	0.179055023	0.212109634631245	0.164037389	0.30470230085907
526	PDHB	-0.233368301	0.0258930205708713	0.098978113	0.931992825444866
527	FLNB	0.620629883	0.703019588336208	0.269746343	0.0325866916498518
528	ARF4	0.387376022	-0.126219396087123	1.11840184	0.69572146425631
529	ACMSD	-0.032265472	-0.492132769534269	0.023330356	0.000300339714191642
530	DARS1	-0.301224518	-0.284570134465434	0.129183607	0.189896386006633
531	EIF3G	-2.414880753	0.0963050006848277	2.776748316	0.619623656268498
532	TMED1	-0.599507904	0.406010425988684	1.577582397	0.0623860121876754
533	PRDX2	-0.326841736	0.259899418718602	0.304668539	0.0781242413692586
534	GCDH	-0.173673248	0.177181977877849	0.230979593	0.282032887049154
535	FARSA	-1.270454788	-0.0533189413738781	0.657248243	0.765332210583637
536	CALR	-0.230988312	-0.0136500736153972	0.303965966	0.969856121447296
537	RAD23A	-0.089517975	0.0119940880856647	0.04761511	0.957786586806462
538	RPL18A	0.163049698	0.0674150988985918	0.187107309	0.801456485118089
539	RAB8A	0.525511932	0.196751730575957	0.273037046	0.292632087921204
540	BCL2L13	-0.469658661	-0.502341739492065	0.215915269	0.00057322602957876
541	ATP6V1E1	-0.428252029	-0.114918201253017	0.659339667	0.44408820242643
542	SLC25A18	-0.373229599	-0.0578829499206689	0.645607068	0.815452774490483
543	GADD45GIP1	-0.940513229	0.254987026334455	0.553912744	0.282032887049154
544	NDUFB7	-0.600072479	0.260049882089231	1.330033611	0.131699590862268
545	PGLYRP2	0.163322067	-0.0851606310295618	0.134027981	0.800252626239529
546	SLC27A5	1.882647705	-0.184703979326773	1.254986	0.394329118245547
547	RPS5	-0.347659302	-0.0765286478855698	0.722457763	0.648861587338034
548	U2AF2	-1.199995041	0.0850767794381707	1.845212281	0.462270450583911
549	RPL28	0.058208847	0.0642697761173821	0.081540639	0.801153102994695
550	ISOC2	0.770083618	0.585593243884201	0.983440295	0.00982273165269117
551	PBLD	-0.157898331	-0.305024939392243	0.265235038	0.123146241483183
552	HNRNPH3	-0.719021988	-0.0178893326755574	2.722227324	0.961829257797338
553	DDX21	-1.298543549	-0.631609814634478	2.693638409	0.00411188654355787
554	TUBA4A	0.721870041	-0.29867522448318	0.640933112	0.46502604111323
555	AIMP2	-0.345850372	0.168544379356039	0.231115808	0.549154086106068
556	EIF3B	-0.409501648	-0.0137151924254298	0.533165891	0.938201385550936
557	ECH1	1.017021561	0.143185108818442	1.252333449	0.402600694702986
558	ACTL6B	-0.797720337	0.682997187034623	0.911973938	0.499550948868843
559	PSMB1	-0.103557587	-0.258328678800439	0.190772297	0.0317428761695573
560	RPS16	-0.061938095	0.0742023706842817	0.085037316	0.729129755932997
561	LRPAP1	-0.016923523	0.373624525321138	0.012447958	0.0776938226465665
562	GRPEL1	-0.60972023	0.170722632409449	1.303498516	0.328928507029777
563	MRPL46	-0.488277054	0.391616487953909	0.883433796	0.0503473202872527
564	STARD5	-0.665105057	0.0259974660245757	0.558981778	0.949312298716707
565	TMED3	-0.242191696	0.377450066903771	0.12700903	0.124726680207286
566	SNRPB	-0.005819702	0.0937224445381849	0.005312875	0.695774016603703
567	IDH2	-0.106127167	0.0805591846329472	0.125167711	0.794268763916004
568	RPS17	-0.123814011	-0.196493963401039	0.157939552	0.091940081143765
569	MESD	0.408453751	0.235765011885928	0.818886997	0.227317347497364
570	FAH	-0.008919525	0.328637537298595	0.01939845	0.0974335187629735
571	IDH3A	-0.199168015	-0.0173383120966912	0.332793857	0.944231424660348
572	RPS10	-0.526643753	0.152278895311919	1.723588058	0.447677589030757
573	PFDN6	-0.617127609	-0.0201876893040437	0.585507403	0.945444667340244
574	RPS18	-0.374331665	-0.0629506971824531	0.765248373	0.695041992124831
575	RPL10A	-0.643560028	0.190491878690396	0.76071851	0.399610898136149
576	ECHS1	0.142349243	0.434511292763561	0.505398679	0.0217774469096368
577	ALB	-0.007349777	-0.270926955043718	0.005092192	0.440198947350896
578	NAAA	-1.004944992	-0.125758392708194	0.919444765	0.866358362073847
579	JCHAIN	-0.239731598	-1.96463862028954	0.162569866	0.00800557127731829
580	APOH	-0.399022293	-0.0390357379844406	0.793413776	0.880600545714959
581	DDX5	0.007976913	-0.212259473380823	0.005679793	0.35043560272821
582	PSMC5	-0.269606018	-0.0736513134837557	0.141010841	0.735400097863554
583	SF3B4	-0.741070175	0.0925480203107735	0.798161207	0.782128275213798
584	SELENBP1	-0.386492538	-0.000749573914208309	0.906907894	0.998578042280122
585	PSMB4	-0.743774796	-0.105758039735767	1.049791011	0.495715962198187
586	CGN	-0.160421371	-0.210220685219118	0.188015215	0.388810681902754
587	HMGCS2	0.16211853	0.133427746877595	0.197214932	0.676210885899641
588	CA14	0.101689529	0.327967032111766	0.106123525	0.39102306452687
589	TMED7	0.018292999	-0.541188763887725	0.013101343	0.0525691838957125
590	CDO1	0.970909882	0.352777586437017	0.861614957	0.221509253279386
591	RAB6A	-0.698933792	-0.733754173541867	1.485206552	0.0151686378651781
592	LAMTOR1	-0.065748596	0.212837327609461	0.056177153	0.137590525669271
593	HBE1	-0.607746506	NA	0.320411849	NA
594	STIP1	-0.263193512	-0.769264972423896	0.417896102	0.00057453932008775
595	TRMT112	-0.383438873	0.182864019670518	0.261018789	0.480396442057845
596	EHD1	-0.091199875	0.527479291629872	0.119901842	0.0253662050569535
597	FAU	2.538844681	0.195383872490929	1.676101045	0.243155733868315
598	MRPL49	-1.080771637	0.430068605063593	1.412407647	0.0305764931972426
599	CFL1	-0.32928009	0.212550619742623	1.041288936	0.12265126358535
600	BANF1	-0.381406403	-0.0417789769923834	0.455717131	0.880208297204254
601	RAB1B	-0.021804428	0.376452153674837	0.019925077	0.024301850543492
602	MRPL11	0.717716599	0.229294342565911	0.620177051	0.0855115999309096
603	DPP3	0.885674667	0.28540361764764	0.609587137	0.192977046345361
604	ACTN3	0.360373688	0.731067164850376	0.138872468	0.636573755290587
605	CCS	-0.35939064	0.181917524832125	0.368556095	0.441724720289322
606	RBM14	-0.280118942	-0.493290456530353	0.110842214	0.060810514047822
607	NDUFV1	-0.29238205	0.170789761113815	0.312640517	0.385185754734652
608	NDUFS8	-0.60300827	0.249688828282318	2.263236639	0.259331055519574
609	MCFD2	0.491175079	-0.285897008911656	0.383276702	0.295755995324855
610	GFUS	-0.445566559	0.258154683441143	0.36538394	0.170249434984459
611	PLEC	1.373194504	0.061695998977395	1.432693023	0.819812439602847
612	RPL8	-0.188684082	0.0560400876986876	0.315892219	0.757950418677599
613	PCYT1A	0.368598938	-0.775073254102785	0.074983582	1.50574512553431e-05
614	CTSA	1.656025696	0.417277618142577	0.93031175	0.0885778927740264
615	LYRM4	-0.617232513	0.161338020626544	0.78197758	0.569235863085406
616	HADHA	0.87155838	0.279876719479359	1.47285711	0.085337907944742
617	HADHB	0.624905777	0.102265199246465	1.391664042	0.628364424004409
618	KHK	-0.108504105	-0.136068818465782	0.089872495	0.720268451056072
619	EMILIN1	-1.332184601	0.582137376799958	1.351764587	0.0496144586042438
620	KMO	0.690034103	-0.76440783114863	0.525536445	0.00116428429368999
621	FH	-0.092629623	-0.176499450707313	0.212254609	0.450331136514164
622	F2	-0.106819153	0.172341001832689	0.039418168	0.442790656118413
623	PSMC3	0.135030365	-0.0490880779746531	0.097179783	0.832510669601194
624	NDUFS3	-0.276473618	0.475981608867573	0.675211833	0.162726802076519
625	DPYSL2	-0.307904816	0.000970538445248607	0.304781362	0.998578042280122
626	PPP2R2A	0.22229538	-0.289816673066635	0.247926878	0.208789559248849
627	FMO5	0.9124897	-0.906512630869526	0.518026763	0.00104580197178907
628	GBA1	-0.034770966	0.0447255208944793	0.017577093	0.858330338792973
629	RBM8A	-0.674780655	0.131337868761663	1.168448652	0.520848647189699
630	S100A1	0.113421631	0.246843947545699	0.067842531	0.377665706645386
631	PKLR	-0.288479233	0.0608573718107462	0.30050949	0.886088817219608
632	FDPS	0.191208267	0.302101406571981	0.123922535	0.625145445300577
633	LMNA	-0.660026932	0.268377021206234	1.328043824	0.398089321406774
634	MRPL24	-0.084450912	0.125830064743369	0.056224071	0.549154086106068
635	TUBB4A	0.205092621	0.113172977676432	0.121657901	0.865689044066988
636	LONP1	0.879805374	0.106633928711382	0.713974996	0.498477597058526
637	RPL36	0.095478821	0.0745644154922624	0.100556073	0.670233112481618
638	MYDGF	-0.178778839	0.312787669800771	0.078440339	0.261861109154989
639	EEF2	0.633493805	-0.0286681590885515	0.671324204	0.91951261281646
640	CLPP	0.129539871	0.370777238337868	0.131196249	0.0666709498616588
641	MICOS13	-0.444516373	0.305487849697504	0.350603775	0.173658140824246
642	GLRX5	-0.590211487	0.574951276785754	0.540905241	0.119225093373216
643	RPL4	-0.259113312	-0.0416509603523399	0.325221299	0.806484909362091
644	RTCB	0.509944534	-0.0421548082129242	0.258006345	0.85047987939297
645	DHDH	0.052731323	0.101054230090876	0.065413448	0.803687721881029
646	RPL13A	0.55208931	-0.0588474006717973	0.386114025	0.749896358895967
647	RPS11	-0.034667969	-0.0644342603207389	0.065124112	0.706998988252899
648	AP2A1	-1.009686279	0.0735794398691725	0.690326776	0.703083320935679
649	NUP62	0.026667786	-0.164587790423401	0.01374803	0.652272052695137
650	ASPDH	-0.626123047	0.465691586116954	2.003402891	0.0907402265105101
651	ETFB	-0.131252289	0.0608373454011126	0.354681472	0.829371452887036
652	PPP2R1A	0.954263687	0.254416729460934	1.082906684	0.0710051388393392
653	RIDA	-0.613538361	-0.28603173720863	1.81725907	0.263206381843449
654	GCLM	-0.140335846	-0.6938680046032	0.091580159	0.0100871826853069
655	S100A8	1.887145233	-0.209591070447992	1.024370603	0.823033133012115
656	S100A9	2.196785355	-0.494845020731979	2.060611483	0.475518141155456
657	PSMA5	-0.045580292	-0.135602630178966	0.036923868	0.4838780326036
658	ATP5PB	0.283076477	0.052115177361892	0.488048918	0.815677496769286
659	ASPN	-0.377530289	-0.531050647757958	0.238382651	0.413870342002514
660	TPD52L2	-0.789444351	0.128552843687785	2.71492196	0.526966304550755
661	PCK1	0.401469803	-0.370207267619144	0.486479955	0.117849109473411
662	ADRM1	-0.007471085	-0.00558066590475063	0.015963481	0.986080466579356
663	ATP5PO	0.140626144	0.143265038974391	0.390169253	0.456147134693135
664	TIMM10	-0.267097092	-0.0114302151929169	0.381097912	0.9745147138156
665	CMPK1	-0.511949158	-0.644328187203119	1.891593109	0.00180368486528935
666	PDZK1IP1	0.084993362	0.987578942215424	0.036804428	0.0096562518718207
667	AKR1A1	0.887244415	0.159821205616508	1.009552931	0.470589615833798
668	SUMO3	-0.471059418	0.6029328487451	1.407302332	0.000566754677826679
669	RPS14	-0.405743408	0.0022433885034361	0.690188013	0.992396609725295
670	AGXT	1.18819313	0.39059847638032	0.657196051	0.254923282991371
671	RPS3	-0.243717575	-0.011914431111295	0.689521547	0.948972488129973
672	RPS19	-0.544733429	0.0549720735769467	1.013299344	0.823116548742525
673	SNRPA	-0.30068512	-0.220445329721747	0.36456367	0.459221803780275
674	BLVRB	-0.630714798	0.316151988833225	0.842511604	0.377981915303249
675	PSMC4	-0.449106598	-0.0995613591133085	0.321274758	0.674033723873249
676	FBL	0.234212875	0.0552846739441866	0.167624004	0.834007346235018
677	BCKDHA	0.497325516	0.367201240193816	0.221928091	0.0648215186110932
678	CLDN3	-0.066745377	0.228145585728974	0.04498979	0.729129755932997
679	FIS1	-0.539224243	0.139654521820949	0.555013552	0.601530270401278
680	UBTF	-0.840274429	-0.106397196562001	1.196270105	0.579890941523915
681	SLC25A10	0.805461121	0.573310829308538	0.554787212	0.001764850416423
682	LGALS3BP	0.494682693	0.729716959920195	0.341352995	0.0648215186110932
683	CCDC90B	0.372346115	-0.147187649421343	0.342484658	0.636915323935049
684	TPP1	0.900907135	-0.363034384611936	0.728959011	0.0809641704390371
685	HPX	1.348735046	1.2174197378954	0.58216053	0.0603312758174671
686	DDX39B	-0.767035294	0.0643697169835426	1.793560595	0.81841280919028
687	CSNK2B	-0.868078613	0.118557826353107	0.438891209	0.423376389643252
688	PPT2	0.051192856	0.203345568361159	0.01788933	0.508561938170634
689	APOM	0.229433823	0.0153583184054993	0.284299314	0.967418579015086
690	PDCD6	0.04066391	0.11767591768547	0.030236533	0.599311630679261
691	ETHE1	0.287184143	0.521714247579681	0.460365467	0.02185632628273
692	NAXD	-0.975461197	0.608720244195605	0.558949555	0.00226299040892428
693	HNRNPUL2	-0.846602631	-0.213910249361464	0.635413063	0.0634072967717975
694	ALDH3A2	-0.732498932	-0.747956449546256	0.697435801	4.32167649912953e-05
695	UGT2A2	-0.171133423	-1.81827258119643	0.081469084	0.00864557038335514
696	NDUFC2	-0.691236877	-0.0766937533340022	1.508711786	0.81418031527239
697	SULT1C4	-0.053472137	-0.455083587877128	0.040853797	0.156864417249392
698	GABARAPL1	-0.614412308	-0.537216305970015	2.25777977	0.0261473621188026
699	STOM	0.621603775	-0.191080998311677	0.277184869	0.644313589275613
700	H1-4	-0.44996109	2.0320199889262	0.368420058	0.00319057762417333
701	H1-2	-1.284204102	2.19388221230705	0.824055924	0.0469023231216744
702	H1-5	2.198091507	2.43617930704713	1.600194998	NA
703	RAB8B	-1.941404343	-0.805985221980021	1.77882538	0.00435421473534526
704	BOLA2B	0.426792908	0.400802775246142	0.187317982	0.250497864113604
705	SEPHS2	0.447837067	-0.40534588078933	0.272070102	0.20801695757147
706	NDUFA13	-0.24066658	0.236736334716586	0.344165572	0.193758705884342
707	FAHD1	-0.219445801	0.250523840493147	0.07413454	0.313115261679183
708	MYBBP1A	-1.75905304	-0.0822912442421253	1.435616612	0.780346739925062
709	NDUFAF4	1.094790268	-0.233601687522472	0.803292538	0.590368059218914
710	RPS13	-0.366630554	1.42930931250945	0.432728247	0.428792049321281
711	ARFIP1	-0.32996521	-0.185525587040684	0.150475331	0.592645995354927
712	DKC1	-0.798143005	-0.0631363600789059	1.245754426	0.809612640037941
713	CDK13	-0.28850174	-0.370423999442771	0.329436382	0.120889461275364
714	GBE1	1.31220665	-0.340830413597829	1.605087728	0.273583612583258
715	LIPA	-0.478936005	-0.49478450973961	0.43801108	0.215058904888434
716	VASP	-1.015218735	0.049276833682195	0.64793309	0.919729695838765
717	APOOL	0.688716888	-0.142215067118886	2.202119598	0.599311630679261
718	CHMP4A	-0.05670166	0.116883033740725	0.061745688	0.55381040774967
719	GMPR2	-0.043612289	0.179781883931113	0.031526464	0.564094275169239
720	ERP29	0.031896973	0.0986078931597518	0.043692409	0.554938812327925
721	GYS2	2.103719711	-0.461789515933947	1.504186649	0.0849796951509324
722	BHMT2	0.655221939	0.0786782768020137	0.488298591	0.835740734098773
723	KRT7	-0.375221634	0.231183689238914	0.448336943	0.854524258433352
724	ACP5	-1.199905396	-0.470610101685047	0.743092235	0.143027042941776
725	AZGP1	-0.040697479	0.439459828576206	0.041299796	0.00579139673081982
726	GCH1	-1.186869431	-0.597013668835412	0.945712476	0.0102174965709055
727	S100A11	-0.848547745	0.0149887366194495	0.433023581	0.988471921444536
728	FKBP2	-0.098677444	0.191723716501707	0.11685084	0.317530152147008
729	SEC61G	-0.260422516	0.0799728594224132	0.079285315	0.846163793834635
730	CCT8	0.217223358	-0.338102318486916	0.223237958	0.071104726915857
731	GLO1	-0.15055809	0.112253151545896	0.198650167	0.659607858344792
732	SNRNP70	-0.973675156	0.613175810234215	1.485579147	0.00585447054513477
733	CPQ	-0.940879059	0.181002373017266	0.875044722	0.638975711297186
734	LAMTOR5	-1.382205963	0.43206960038149	0.732280139	0.0204217094222504
735	RPL38	-0.731051254	0.134834441482314	1.019131984	0.56460722959852
736	RMDN1	-0.705537796	-0.229825347953537	1.020225215	0.478144644044396
737	SET	-0.941955948	-0.369386958895231	2.212514931	0.0158213820773616
738	CP	1.872890472	1.27318511740581	1.032086746	0.00189131088111614
739	AHSG	0.118130112	0.822367701074752	0.093429712	0.00180368486528935
740	LAMP1	-0.356369019	0.0285039422302788	0.666677876	0.921611271340366
741	HSP90B1	0.031427383	-0.683586147596601	0.058785156	0.076780901482483
742	CPSF6	0.534426117	-0.22676080510384	0.665108429	0.393610450737223
743	TPPP	-0.082897186	0.109611325650803	0.05452614	0.724791722988449
744	NDUFS6	-0.771390533	0.271099377016702	1.630164641	0.220013834827849
745	RAB21	0.171371078	-0.476036914369753	0.070975346	0.0202790734508554
746	TXNRD1	1.55871048	-0.281448065717527	0.939293585	0.262138506225855
747	ACSS3	0.936209488	-0.130404289152818	0.344881873	0.738692509249811
748	NAP1L1	0.219750214	-0.346552873050663	0.154551835	0.0524713325650207
749	MGST1	0.485584259	-0.128627694351111	0.366166521	0.567059402849305
750	ANXA2	0.109600449	0.928472621558927	0.154327438	0.042760244907529
751	TMPO	-0.894795609	-0.830625170076233	0.784684649	0.000736837828474566
752	UBE2N	-0.539041519	-0.191113902259219	1.130833558	0.36850265141669
753	HAL	0.84434967	-0.417070598562423	0.678103921	0.0636563591598625
754	RAP1B	-0.484065628	-0.485715166301292	0.970512187	0.0273858155187544
755	SLC25A3	0.894919586	0.185465226904405	0.570726365	0.444959142939942
756	LIPC	1.184740829	0.0841078432004228	1.223511238	0.757950418677599
757	MRPL42	-0.910723877	-0.105631123321693	1.374919906	0.691209535279546
758	FGL1	1.377204895	0.936269801240673	0.776046785	0.00387874899937844
759	CMAS	-2.203989029	0.0612844847233023	2.04935765	0.798312829147465
760	YBX3	-1.096761703	-0.189307487046177	0.850638549	0.482006584466045
761	CAND1	0.760133743	-0.471437061457255	0.436490382	0.0418182157532394
762	PAPSS2	-0.625098419	-1.00102048555111	0.765664081	0.000239066330172598
763	ATP5MK	-0.664849091	0.0514380259159373	1.446360086	0.806151565842139
764	HNRNPF	-0.400480652	-0.360318816403073	1.057399646	0.0437816780926544
765	BAG3	-0.531268311	-0.664730064817147	1.11655841	0.0148899133790736
766	EIF3A	-0.454494858	-0.311475775462392	0.288893719	0.196742620901148
767	AS3MT	0.146004486	0.0729978800403677	0.110402232	0.875647016057573
768	ACADSB	0.195990753	0.322979496009386	0.258398893	0.375492136171835
769	WASHC2A	-0.390961075	-0.385380024469616	0.19338721	0.17012216190126
770	ANP32B	-1.922816849	-0.14735522662897	1.23128521	0.547637926385693
771	PDLIM1	0.145433044	0.302414592979454	0.078298024	0.441269369946745
772	GLUD1	0.060826492	0.072728078098331	0.053753519	0.706118504243302
773	UBE2L3	-0.29539299	-0.122788166680328	0.851222436	0.430494605857083
774	HOGA1	-0.022926712	0.142551032248114	0.015318613	0.573622088992236
775	SNAP29	-0.328952026	-0.159975442626931	0.668051852	0.422122017614722
776	ADIRF	-0.087192154	0.360935404733745	0.04703585	0.657486090205031
777	NOLC1	0.704268646	-0.276804827141254	0.528469973	0.343718338425283
778	GLRX3	0.271178436	0.120819414647337	0.085827061	0.666208400054769
779	OAT	-0.25429039	-0.165941441560363	0.143367614	0.509653352751124
780	ABLIM1	-0.14943161	-0.416636032938345	0.063870991	0.191340466268527
781	SPTBN1	0.50688858	-0.18109861333835	0.394029297	0.401572935912494
782	ACYP2	0.674961472	0.580489466003912	0.620140523	0.511842399826274
783	EHD3	-0.930668259	0.179606004556033	1.136404828	0.724027741767183
784	HDLBP	-0.224182892	0.186918791746334	0.615983203	0.212150641514974
785	SEPTIN2	-1.997520447	-0.157793518174732	1.225178521	0.244218927079376
786	PRDX6	-0.776525497	-0.312693814548068	3.983085791	0.354542505703334
787	TGOLN2	0.526059341	-0.141805454150571	0.286136953	0.554036473896213
788	ATP1B1	0.368118668	-0.344817260693178	0.815636296	0.167019966216331
789	PCCA	0.860378647	-0.0264769213343565	0.542132431	0.911940161533711
790	PRRC2C	-0.57480278	0.0291874675192152	0.376415193	0.895382601850799
791	CLYBL	-0.715742493	0.147577955142206	0.656392011	0.674902600223221
792	UGP2	0.388787842	-0.825281428935037	0.370505554	0.000198999164281697
793	MECP2	-1.122483826	-0.136095285109961	0.934299126	0.553453494729125
794	IMMT	0.270776749	0.0894509976829343	0.460454855	0.599875842081427
795	CACYBP	0.737217712	-0.16922664493246	1.798527557	0.27635765800064
796	ACTR3	0.942043304	-0.622532728606354	1.232237387	0.0044887640219991
797	PPP3R1	-0.533560562	-0.682030317602449	0.714317296	0.00962320578234466
798	LAMP2	-0.088341141	0.0512167248132928	0.120822501	0.873272545518898
799	HMGN5	-0.280669022	-0.00804147727683256	0.55413252	0.984617483607386
800	ACP1	-0.353090286	0.00989025332004157	1.497926215	0.971716361304951
801	MOB4	-0.429787064	-0.125166600085187	0.818415207	0.473658306560587
802	EEF1B2	-0.182795334	-0.0803670630192716	0.284725743	0.706137173891726
803	NCL	-0.562973022	-0.342925641129153	0.857172494	0.0642817745617816
804	ARPC5	-0.58040657	0.0963874208927551	1.524265996	0.628698134715047
805	NONO	-0.761388016	-0.414927675534919	0.293743001	0.0126867195106548
806	FLNA	1.661693573	0.973863899092728	1.934033404	NA
807	SCLY	-0.923650742	-0.0987082088719172	0.535237202	0.825425335869381
808	NDUFA10	1.069955826	0.140754731905442	0.782152809	0.483426731791112
809	EIF1AX	0.230225754	-0.392184261683034	0.190934459	0.00774012821169052
810	UBA1	0.785648727	-0.127980135445288	0.334993788	0.378048218650124
811	AOX1	0.458214188	-0.506923300061412	0.546552128	0.0181741620138238
812	PFDN2	0.623015594	0.364358820886394	0.485511053	0.237621497721622
813	PRDX4	0.536897659	0.0993215296387915	0.906790103	0.689640643872135
814	FCER1A	-0.347613907	0.0409898608858666	0.48374004	0.97395589739152
815	FCRLA	-0.348693848	0.35572602389539	1.011028614	0.378256849868274
816	GLUL	0.108215332	-0.262342201334958	0.085255432	0.533928897507769
817	XDH	0.420133591	-0.294828491415885	0.278048768	0.443104119140936
818	SH3BGRL	-0.479865646	-0.35167292870214	0.861518246	0.187135724119272
819	DHX9	-0.652816772	-0.190989578270308	0.539427521	0.462211218190506
820	HNRNPK	-0.588505173	-0.212640797596781	1.150991986	0.233845428142661
821	HDGF	-0.56032486	-0.167232315534383	1.017358439	0.394493788656609
822	PTMA	-0.561417007	-0.402852883588995	0.874267007	0.0910875632719375
823	ARPC5L	0.814538574	0.257528677451565	0.363975356	0.115021773715592
824	SDHC	0.868505859	0.200573270906072	0.305304113	0.345916385202768
825	HMGB3	-0.816062164	0.582367835364963	0.613547808	0.166973068639621
826	ADI1	0.498410034	0.00917154665487409	0.449059387	0.98822549123054
827	RALA	-0.650558853	-0.0589331009773906	0.404202831	0.826358221856639
828	PEX19	-0.417884827	0.139234428457728	0.661838032	0.530113109725499
829	ACTR2	0.212437439	-0.538322224451755	0.26044547	0.0120640728484491
830	GPD2	0.580860519	-1.34313856641631	0.370626351	2.042166019714e-05
831	RAB10	-0.002397537	-0.0940600471130016	0.002010114	0.68390335682314
832	UCHL3	-0.569033051	0.258581859951874	0.522009964	0.156996654979238
833	NFU1	-0.81344986	0.228059988219446	0.451192867	0.407043784314065
834	RBKS	0.76759758	0.0936331337925961	1.366436716	0.823657162098267
835	ACADL	0.155028915	-0.0500845606092216	0.143845083	0.875835965972633
836	RPL31	0.103935623	0.206744036468889	0.043159898	0.53882073349644
837	PPP1CB	-1.361635971	-0.522006407781143	0.706751457	0.0166019491070395
838	TPT1	-0.406549835	-0.264471986827347	0.801624142	0.153163754038031
839	SRSF7	1.468089676	-0.0963341853029265	0.804606815	0.80994952872151
840	ATP6V1G1	-1.31023407	0.310872426262051	0.749067904	0.263321449747209
841	RAP2C	0.133747101	-0.290481175953602	0.05184863	0.176522808592002
842	RPL29	-0.195728302	0.0735511189964006	0.20320052	0.818638740567213
843	RBMX	-0.672465897	-0.102985560614615	1.27271115	0.766019555765532
844	RPS7	-0.209710693	-0.190284388019515	0.269224536	0.100402817536904
845	TMSB10	-1.109900284	-0.843140069506156	1.139124824	0.0803006477283181
846	MTX2	1.08918457	-0.0166564493928401	1.459383459	0.958788541452759
847	PDIA6	-0.296880722	-0.311609064725195	0.510417842	0.187831581171032
848	GK	-0.275915909	-1.19539889998153	0.585693288	2.05541096097601e-05
849	YWHAQ	-0.401262665	-0.0887437028177891	0.292694523	0.717721686548099
850	NDUFS4	-1.251135635	0.378234148017385	2.46312353	0.00447462995119558
851	HPRT1	0.01473732	-0.362344483945739	0.014355894	0.0218061534851923
852	SUGT1	-0.31186676	-0.638313753775296	0.501657834	0.00868004751580402
853	CCT4	-0.424748993	-0.731757143869847	0.679099848	0.00335986833428712
854	DDX1	-0.613428879	-0.0713148371351762	0.684556595	0.794564546404415
855	APOO	0.142450333	-0.0817316884366803	0.146449995	0.764020341057309
856	MAOB	-1.872708893	-1.56284396638794	1.161892335	2.49239253170035e-15
857	DPY30	-0.192317963	0.0580086344029125	0.29494764	0.831230076819261
858	COL6A3	-0.025790787	1.94124914496282	0.011111055	0.00188893235407699
859	UBA52	-0.318321991	0.328852097052063	0.652868992	0.0789678799368417
860	EVA1A	0.694864655	-0.234533099314538	0.378772493	0.211565475607782
861	SCN7A	-0.493296432	-1.18012733087595	0.338734174	0.020030288838649
862	DES	-1.436807251	0.543259860685471	1.258990416	0.347158289480049
863	ARPC2	-0.751071167	-0.271264102496	0.572906891	0.0162606987493376
864	GNLY	-0.186685562	0.348458198197196	0.093007701	0.666274150317649
865	HNRNPA2B1	-0.769249725	-0.276006063489598	2.255183605	0.0313556956817142
866	CBX3	-1.005076218	-0.619929164264114	2.041733944	0.00376364317577201
867	PEA15	-0.568079376	0.182609351905551	1.839198998	0.367596700512455
868	DPP4	-1.125832748	-0.974421325440948	0.839319531	0.015054440506795
869	BCAP31	-0.153507233	0.114929092753358	0.328584358	0.407862192778762
870	COPS9	-0.237426758	0.278777486667142	0.096416787	0.22925472414971
871	CD99L2	-0.644987488	0.166849755562643	1.090173199	0.457490801133579
872	CHCHD3	-0.772449112	-0.210345039844666	2.281985507	0.372025481043785
873	ASMTL	1.932551193	0.214492970973969	0.749736259	0.440198947350896
874	SLC25A6	0.289744186	0.151308112875019	0.321638278	0.50258304219744
875	HSDL2	0.15774498	-0.235050018539244	0.157099488	0.30466940377884
876	BHMT	0.059442139	-0.670845989793125	0.090454137	0.0150308890298511
877	RAB14	-0.060741043	-0.479735769847323	0.084448087	0.00419841478266096
878	ERP44	0.124953842	-0.305401862695129	0.197591339	0.0801941947556428
879	FXN	-0.779595184	0.261896168854765	0.905411745	0.469325779618564
880	DNAJA1	-0.524550247	-0.837268428823192	0.45222683	0.00409446381145587
881	SSBP1	0.138772202	-0.00941202208695385	0.133837881	0.974088998447286
882	CMBL	1.141424561	0.440680104709171	0.670086936	0.0837483845836157
883	DPP7	-1.022761917	-0.00506614296866914	1.374846985	0.988453558697248
884	TUBB4B	0.098836899	-0.264618440545119	0.101620961	0.519374843771018
885	HNRNPAB	-0.647154236	-0.0390329289706775	1.346192269	0.847748980910727
886	BPHL	0.652907562	0.208013648095254	0.263705589	0.445839551457797
887	MRPL55	-0.849672699	-0.0363775042258085	1.160233101	0.862823971591387
888	CLTB	-0.514313507	-0.0424399146545381	1.636259698	0.890345906997136
889	SMARCC2	-2.810102081	0.1006899709321	2.262687132	0.552808692564724
890	MYL6	-0.630493927	0.19321688718397	1.597620366	0.414754886728367
891	SOD1	0.021068573	0.0113718568049263	0.012582145	0.967234545445841
892	UBE2V2	-1.573151779	-0.201691447279405	1.861328531	0.293579311388561
893	NDUFA7	-0.178918457	0.170715415540265	0.227509791	0.488519879427115
894	RPS28	0.078788757	0.347026031428668	0.08848959	0.190545505479344
895	FAM114A2	-0.125889587	0.0107474941167516	0.168139733	0.971223536220644
896	CD47	-1.580794907	-0.0969887536390311	1.516720824	0.816936251220394
897	ANP32A	-0.587921143	-0.0421043357179572	0.892571015	0.856546187331669
898	PLXNA2	0.138428879	0.199868476119593	0.053505816	0.601250616890185
899	TUBB	0.07296524	0.100868591705018	0.0819529	0.835740734098773
900	ACOT13	-0.220941544	-0.0390088000681506	0.308442357	0.855823973854744
901	COL18A1	-0.166777039	0.111348786323405	0.096300334	0.708804135044978
902	GMPR	0.329846954	1.18024624166724	0.256283921	0.00461631999839757
903	EIF4G1	0.076548004	0.121901987200676	0.037684433	0.339594781444677
904	TPD52	-0.905902481	-0.298054169592958	2.229774318	0.22185939938851
905	GPT	0.215887833	0.0859504051606478	0.441468876	0.722517217079632
906	YWHAZ	-0.225994492	-0.320319278632077	0.567508253	0.252209150537694
907	TUBA1B	0.093242645	-0.098782455685942	0.051424607	0.805968513641172
908	NDUFB5	-0.164403915	-0.145628931252948	0.209289401	0.430410351876307
909	CXADR	0.027252579	-0.610734198116158	0.013732472	0.0100631501236881
910	CBS	0.814268112	0.404755594376132	1.4189782	0.0816716686604928
911	MTDH	-0.832151413	-0.379674293540063	1.398209873	0.00552894077555314
912	VAPA	-0.442780304	-0.388915589833124	0.650319202	0.0201678808264279
913	RAB2A	0.160451508	-0.264271012966225	0.120709476	0.143868195196377
914	AUH	1.370535278	-0.0601213105952933	1.162648602	0.809612640037941
915	BSG	-0.322424316	0.332302041104655	0.544990131	0.0413801499498537
916	PLVAP	0.032584381	0.0838284319434322	0.019356627	0.875970176080729
917	BST2	-0.705389404	-0.191023995384343	1.140153307	0.719841451046182
918	NPC1	0.831702423	-0.0658770105545588	0.799505293	0.791603342891406
919	RPS24	0.694565582	-0.478543111269346	0.540887916	0.143748587365753
920	CANX	-0.539324188	-0.112152225588682	0.902986187	0.550239524651037
921	PTGR3	0.500028992	0.161883921976581	1.013531659	0.568080959721026
922	ILF3	0.802500153	0.0208195588147434	0.618402076	0.940045219740017
923	CNDP2	-0.117391968	0.0810793127743449	0.106021412	0.728881318712497
924	GM2A	-0.795885468	0.134979221785301	0.952766668	0.763377982226209
925	CLINT1	-0.451845551	-0.344821993455796	0.297631165	0.0892848262898087
926	SFXN1	0.331725311	-0.211885106494566	0.191640994	0.260499986755139
927	NIT2	-0.168565369	-0.374307501699623	0.33268243	0.0564668128409833
928	EPS15L1	-0.346729279	0.375906172292442	0.523275853	0.00819236541262818
929	COL6A1	-1.54774971	1.24825288269024	1.49000805	0.0307485814025907
930	EIF2A	0.9241539	-0.0094008253039564	0.866152281	0.968749150741989
931	SEC62	0.090632248	-0.319588985705804	0.025542537	0.0335716258711541
932	LDLR	0.426167297	-0.200186965632033	0.455327137	0.520652058100054
933	REEP6	0.462567902	0.187843387662699	0.540539292	0.41635626329002
934	EIF4B	-0.240222168	-0.23770655988114	0.695317875	0.120720597554561
935	KYNU	-0.124882126	-0.54292460136367	0.068697656	0.0322885584650629
936	ALCAM	-1.052959061	-1.51132036512	2.479505565	1.04900609201455e-08
937	FAM162A	-0.451254272	0.0696319865716483	0.320161338	0.724369464637118
938	EEF1E1	-1.303421783	0.632885004498429	1.071241294	0.0434270053045452
939	KHSRP	0.323999023	-0.138897559045054	0.131834244	0.509014603692976
940	TPM4	0.610599518	0.449951438645118	0.802881695	0.0676175404747229
941	LMAN2	-0.439813995	0.101713394869991	0.383164441	0.591469264134183
942	LSM2	0.947716141	0.0193002553379914	0.803759093	0.950477354616562
943	DECR1	0.830276871	0.167866361894035	1.599559651	0.352972333600287
944	RPS15	0.599807358	0.120740351396244	0.215191131	0.63395853824325
945	TRA2B	0.097658539	-0.522817772490189	0.05468665	0.0428878924876864
946	KIAA1191	-0.828597641	-0.832437523435769	1.17710525	8.669303114099e-05
947	MRPL13	-0.221399689	0.125072212539737	0.146405244	0.551847295190129
948	ATOX1	-0.647277832	0.173303733730476	1.933937296	0.598626810138404
949	KNG1	0.142679596	0.0804028451696733	0.140628923	0.766769647294898
950	RPL30	-0.367648315	-0.0122865887256969	0.596143354	0.951752613485099
951	NPM1	-0.567416	-0.131338076857287	2.302611844	0.423942349265107
952	CDH2	-0.156998825	-0.359831466430488	0.152265768	0.20889472569644
953	PCNP	-0.511809158	-0.460978788072203	0.987610482	0.0396063260255109
954	PSMA2	-0.454879761	-0.211496030610165	0.279960711	0.218350929508534
955	FKBP11	0.444348526	0.328467779491201	0.291255833	0.484004379223859
956	DPYS	0.737674332	0.347456053821811	0.702260445	0.314353631018461
957	HRG	0.507825851	-0.334737743214003	0.581997792	0.25308591093954
958	PA2G4	0.569964218	-0.0946089791644843	0.67352774	0.650126998065584
959	PTGES3	0.109207153	-0.680866453843726	0.044039205	0.000149358851638785
960	APP	-0.833826065	-0.511902554470706	0.58843067	0.221113767407875
961	SSR1	-0.283694839	0.386266205673037	0.400223366	0.134307068112716
962	FXR1	-0.822685242	-0.595092247760496	1.259253739	0.000509518224455822
963	PDIA5	1.211730194	0.204767727500154	0.819891589	0.486214720605029
964	SERPINB1	0.280036926	0.585708882895503	0.289843198	0.468791132224878
965	HSPA13	0.083234406	-0.679632092800752	0.046002603	0.0687467578483687
966	CA2	-0.356987	-0.408616317729974	0.261462479	0.193207830568449
967	TXNDC5	0.229943466	0.4361052683902	0.20890598	0.076780901482483
968	CPA3	0.935916901	-0.0395155852450572	0.761828194	0.969856121447296
969	PDXK	-0.078977966	0.104655178254316	0.106847363	0.690634426294577
970	MBP	0.359418869	1.84617123107628	1.04109766	0.000270726782131848
971	LYPLA1	-1.148150635	-0.0955166963732098	1.29650831	0.713126280097818
972	MAN2B1	0.111310577	-0.15312582838929	0.121649768	0.258662454780964
973	PABPC1	0.454232788	-0.276417089764731	0.291306664	0.214762916902549
974	SDC2	0.54348259	0.567722397765403	0.272411566	0.00481039404430654
975	ECI2	0.922646713	0.402681377573789	1.432594381	0.0993873337048275
976	CDV3	-0.293356705	-0.258996636891623	0.713398687	0.207517772398436
977	TXNL1	-0.004227829	-0.491576498572076	0.004080786	0.00319554337250915
978	ICAM1	-0.328766251	-0.0208806084024265	0.21571084	0.975595297859827
979	G3BP1	-0.763576889	-0.0309441427823294	1.571641285	0.929911277436838
980	ACSS1	0.352976227	-0.0269753044288225	0.314867023	0.945398748158503
981	TNXB	-1.143406296	0.117734410612233	0.886961928	0.867090644444159
982	CFB	0.357332993	0.31616059725704	0.357133435	0.316167979380208
983	ATP5PF	0.155496597	-0.0041558358870863	0.474248763	0.988244823728782
984	LRP1	0.304593277	0.176072669156659	0.152894309	0.356792411989844
985	DSP	1.440605545	0.197381797589288	1.068136427	0.388878867575142
986	PYM1	-0.366130829	0.589146051413873	0.706314882	0.0552467679187877
987	PRKCSH	-0.282094574	0.0673706804337393	0.496160026	0.714658477825017
988	RPS20	-0.566339874	0.194410902117826	1.282100533	0.465549065951537
989	ALDH5A1	0.327439117	0.239843250797656	0.212636058	0.4189597868069
990	LPP	1.128672791	-0.458371946420241	0.749942964	0.174394270223222
991	UBE2H	-1.034540558	-0.335776285400288	0.649200295	0.0426738537992032
992	PDE4DIPP2	0.645880127	-0.342639106940616	0.191571567	0.399410649705151
993	MRPL12	-0.517456818	0.165301500815115	1.340020798	0.368070847632494
994	SRSF1	-1.192391968	-0.416832417651818	2.043963581	0.0874288980370468
995	ACIN1	-0.168311691	-0.188643505413601	0.138333779	0.276143049062618
996	CD68	0.838024902	-0.224176464983088	1.33354938	0.665976716777901
997	GAA	0.204676819	0.487608517498691	0.142006078	0.000931885162119318
998	PALM2AKAP2	-1.145030975	-0.18599233194688	0.82416313	0.542214066216615
999	PSMD4	0.267251205	0.314522018800984	0.703929118	0.188177572426812
1000	DYNLL2	-0.609918594	-0.201548652466678	1.592467877	0.30294669797327
1001	DLST	0.342243576	0.173254206507404	0.553919198	0.289459034427562
1002	ACTG1	0.193730545	0.388676590254559	0.285967207	0.301937456703647
1003	KTN1	-1.289036942	-0.440252395897014	0.521426363	0.0350228607611726
1004	HYOU1	0.041290665	-0.314593122430195	0.064333813	0.309361492500032
1005	RCN2	-0.372980118	-0.583583845781875	0.199100189	0.0108721427653452
1006	AP2B1	0.471949387	-0.297619291684626	0.252945004	0.0593909194013463
1007	HNRNPC	-0.581428146	-0.0737841565322306	1.537921357	0.704074124395962
1008	PCBD1	0.078285599	0.50555095524997	0.148942558	0.00913370933186043
1009	TAF15	-0.942950821	0.0373110659262287	1.751664708	0.870583285306125
1010	EIF2S1	-0.786159515	-0.40211734875995	0.308023003	0.123927480383509
1011	P4HB	0.366287231	0.0638074742134114	1.024784287	0.80526361375788
1012	ENTPD5	0.157249832	-0.737561944514832	0.111388218	0.0108964400594618
1013	RDX	0.021105957	-0.907544260618103	0.036511276	7.95904538106508e-06
1014	ACTC1	0.189470291	0.0723102516590204	0.174076447	0.951368879616344
1015	GSTZ1	0.067129135	0.305152223353124	0.169554921	0.190921807119568
1016	ALYREF	-0.554153824	0.212682885022843	0.825442257	0.409097355040932
1017	PECAM1	-0.88037529	-0.267584036114448	1.316449019	0.569235863085406
1018	CRIP2	-0.477582932	-0.0962376698686488	0.353317805	0.796288839192758
1019	FDXR	1.352430725	0.134008430780947	0.850006611	0.616914690546177
1020	MAVS	0.396202087	0.464963334622958	0.13173809	0.192492456671545
1021	ARHGDIA	-0.342806244	0.28525623142439	0.82217473	0.047858516038559
1022	MRPS26	-1.127060699	0.549258744913183	3.048267189	0.192596570267503
1023	VCL	-0.122579575	-0.330581637881303	0.232142535	0.0697604646156883
1024	ACAT1	-0.264785385	-0.0347317502933273	0.324457783	0.931280871640555
1025	MAPRE1	-0.330325317	-0.401052004677087	0.360317335	0.0823589877329241
1026	PSMC1	0.693211365	-0.0301207014510837	0.360162702	0.897573054240091
1027	EIF5	-0.570885468	-0.773445607145679	0.300208577	0.000679409728849442
1028	NDUFB1	-1.403012848	0.235877773145559	0.580226354	0.390952204608943
1029	SERPINA1	-0.492208481	-0.097308745377341	0.686817922	0.764530526358579
1030	GTF2A1	-0.11684494	-0.862783782656694	0.12961996	0.00110682129684297
1031	NOP56	-1.249756241	0.213472647784494	2.323375972	0.341667275025123
1032	IDH3B	-0.21099472	0.302336941272853	0.095915448	0.0602811671563201
1033	KRT19	-2.339234924	0.261350403405579	1.379465089	0.747946891615018
1034	VDAC2	0.167844772	-0.177248073028742	0.222639824	0.331733578901407
1035	LRRC59	0.749510193	0.407749587651323	0.686459375	0.150646494358256
1036	ARF6	-0.421912766	-0.36131799251294	0.627093383	0.0850663002860483
1037	RPS9	0.460736084	0.02402947564964	1.059202184	0.960326778310978
1038	HSPA5	-0.302996445	-0.757595932045961	0.562479174	0.157227310538732
1039	ITGA1	-0.123695374	-0.867232834219924	0.185336337	0.0037995937008665
1040	DCXR	0.006945801	0.241767163890572	0.007429631	0.554174948313161
1041	CKB	-0.572914124	0.796873477125934	0.694872426	0.0325750771625702
1042	CTSS	0.510732651	-0.618437309141778	0.218494795	0.163759935792721
1043	SEC22B	-0.473692322	-0.291602019703926	0.406789016	0.237139645292277
1044	GNPNAT1	-0.028416824	-0.691416855363954	0.01624869	0.0131540690490327
1045	SYNE2	-1.291061783	-0.0119209299595771	0.748792964	0.978326820441423
1046	RAP2A	-0.395444489	-0.229859005095427	0.491620698	0.328939802647041
1047	S100A10	-0.522277832	0.362941529828042	0.256785233	0.505038076932776
1048	HSP90AA1	0.279403305	-1.2879060812283	0.144213469	2.32578368048437e-06
1049	NPTN	-0.278911209	-0.325834636076848	0.335292851	0.11054645190435
1050	SAR1A	0.267215347	-0.167356417943688	0.077426961	0.473658306560587
1051	RRBP1	-0.283782196	0.01859472236293	0.387530782	0.956346918547106
1052	PIPOX	0.046353912	-0.24287949649756	0.025895872	0.555476135128085
1053	ALDH6A1	0.845546722	-0.0247606908028228	1.342570891	0.932299905134218
1054	EPN3	-0.332684326	0.105360656827537	0.245882724	0.868593620928725
1055	OGDH	0.755570602	-0.0625189445140078	0.454664215	0.76250057852065
1056	PURB	-1.372247314	-0.382087482052166	1.121059292	0.086971973311745
1057	CFL2	-0.607765961	-0.148578124601776	0.383864029	0.521464009024126
1058	PPA1	-0.261595154	-0.454413990381617	0.475952013	0.000811989208665618
1059	AKAP1	-0.737795258	-0.380700047640222	0.239876643	0.016677217603718
1060	PSAP	0.169534683	0.243543669648676	0.243721479	0.117647464979198
1061	RPL7A	-0.483005142	-0.0753778242583723	0.955035945	0.749645018562456
1062	GRB2	-0.950038147	0.282323925422054	1.322143093	0.0715474546730304
1063	PSMA6	0.786215591	0.0460081114707778	0.615957612	0.863315170484965
1064	AFMID	0.384770203	0.449866369144768	0.670623955	0.197682466891934
1065	WARS1	0.755831528	0.0898124013574169	0.286996504	0.78182767782402
1066	CHMP6	-0.611288071	0.115998869993623	0.639713863	0.710934258924576
1067	ACADVL	-0.068453598	0.132982855206714	0.067023212	0.414775997664512
1068	ABCA6	1.676532364	-0.490027514491502	1.035209721	0.0554431632994039
1069	GLOD4	0.653884125	0.288164578129691	1.257727999	0.281136673008572
1070	BAIAP2	-0.687837219	0.271880279961095	0.659442992	0.266113623126084
1071	LGMN	0.220421982	-0.0559219166042018	0.492549015	0.873601386001571
1072	JPT1	-0.081097031	0.907019964761055	0.086187222	0.000622598925730387
1073	ACOX1	-0.157282257	-0.568775018066597	0.207565598	0.00908646741701945
1074	RPL19	-0.254958344	0.0581048240701993	0.373887023	0.723359676322025
1075	PPIF	-0.47906456	0.602576833610827	0.60726165	0.0166037147368592
1076	MRPS23	-1.049437714	0.164914102620461	2.397655578	0.337298465269999
1077	DYNC1H1	0.827780533	-0.0526952949252826	0.432495171	0.856546187331669
1078	ACO1	0.471726227	-0.195972948739995	0.604082286	0.26160036229275
1079	ITIH4	-0.000111008	0.302421782462137	6.98e-05	0.064494190910614
1080	ITIH3	1.989178467	1.27158640335382	1.286982303	5.25026570935045e-06
1081	KYAT1	0.337537766	0.241755393229997	0.211420647	0.26445581647319
1082	SRRT	-1.784033966	0.0697246481872601	2.764562545	0.746133473685611
1083	PRKAR2A	0.312625504	-0.868260226068109	0.199307053	1.82585510195462e-06
1084	PDAP1	0.087309265	0.0996385899608848	0.066002284	0.583715425363991
1085	ATP5MF	0.208769226	0.222193911524726	0.09152289	0.313115261679183
1086	ACY1	-0.374032593	-0.21885197694105	0.482235836	0.572783082731822
1087	GLDC	0.757870865	0.0783676249995224	0.427446596	0.861889128773782
1088	ALAD	0.710936737	0.309408619581847	0.444177128	0.280057657018553
1089	GUSB	0.261091232	-0.255299004441145	0.173437438	0.322785850767784
1090	ARPC4	-0.299742126	0.347204792208992	1.055773863	0.0764308754747933
1091	CAST	-0.814686203	0.365620982167799	0.376890954	0.322872993024068
1092	LRRFIP2	-0.470397186	-0.555517312921494	1.077478562	0.0123478197328539
1093	COL6A5	0.268424606	0.672307380561072	0.250141169	0.574312997808826
1094	RPL15	-0.65369072	-0.0233865787923598	0.776084567	0.891777372500436
1095	ALDH1L1	0.699371338	-0.0385562007385552	1.023519231	0.90103825316658
1096	CTSB	0.602125168	0.357873627145593	0.66762723	0.0461995293479007
1097	RAB7A	-0.367563629	0.150275962571032	0.443651963	0.380163863726482
1098	ECHDC1	1.613556671	-0.148485461391893	1.622065618	0.758005902291629
1099	GLB1	1.825299072	0.213188162859992	1.183469798	0.501978632070063
1100	YWHAG	-0.260967255	-0.603533161459818	0.417908359	0.0071158140213605
1101	MAP4	0.151828003	0.240967219171374	0.146089074	0.407043784314065
1102	PDIA4	0.13481636	-0.0150454150662567	0.251003388	0.971223536220644
1103	RAC1	0.942781067	0.14104619776085	0.537712845	0.354542505703334
1104	GFER	-0.089485931	0.19869724471086	0.097794274	0.312782032145619
1105	UBE2I	0.208712006	0.295086012083868	0.168051791	0.0348324527209424
1106	UBQLN1	-0.703089523	-0.638773868881975	1.712487218	0.00035231223973716
1107	RFK	0.779817963	0.149925030235547	0.440908633	0.530981547504813
1108	ARL8B	-0.152326965	0.138011242440362	0.067485694	0.557446337809178
1109	NDUFAB1	-0.2866745	0.221679437064651	0.423812865	0.304527120873498
1110	ASL	0.20153923	0.0215526041028525	0.378950005	0.946907736159628
1111	RPSA	0.07857933	-0.328954236789743	0.093931168	0.165177355276758
1112	DNAJA3	0.006376648	0.0946609757283104	0.003094657	0.526420539414423
1113	NDE1	-0.229355621	-0.312148758015725	0.394985808	0.265220911070514
1114	SLC25A15	0.701500702	-0.176553554306322	0.581162268	0.420798509100402
1115	CHCHD6	0.208773041	1.09198400961281	0.332491471	0.0194454796037142
1116	ARPC1B	-0.338285446	0.125576748471024	0.184092123	0.789455634212596
1117	BRK1	-1.286954117	0.0496661871728322	0.870078288	0.866320886988845
1118	RPS12	0.03305397	-0.00359844227318351	0.02884324	0.991565565506458
1119	PARP3	-0.844259262	0.481788190031661	2.077130281	0.0149362632437311
1120	DAG1	-0.598613358	0.140391326729694	0.685285349	0.615426448648814
1121	PCMT1	-0.642427063	-0.0463336824846173	0.745971041	0.857457563502076
1122	ALDH1B1	-0.526488113	-0.319306363714473	1.010823617	0.266878113682479
1123	ACSM5	0.393301392	0.00197498906912263	0.129506487	0.997466520657228
1124	GLRX	0.432390594	-0.174747523927589	0.370838162	0.542154950753779
1125	ENPP1	0.157675552	-0.180877483697635	0.058323075	0.7245497421564
1126	GP2	-1.263251114	-0.34968811101537	1.392177942	0.363766314220296
1127	HSD3B7	-0.177474976	0.169221816726403	0.077846998	0.350321507465027
1128	CHMP5	0.218190384	-0.414836277918732	0.125163828	0.0382110745199549
1129	QKI	-0.373841095	-0.759890091801859	0.282220447	0.000736775893510536
1130	IQGAP2	1.683799362	-0.471051159047283	1.147313096	0.0554203107063182
1131	MAP7	0.530826569	0.0577525880159356	0.34743807	0.893101356197704
1132	TCP1	-0.426967239	-0.349017236580348	0.169012105	0.0526606926087617
1133	GCLC	0.631327057	-0.173821631824065	0.546610028	0.623747079442158
1134	MARCKS	-0.867572021	-0.101716261896674	1.454877691	0.810078087224152
1135	ELOB	-1.024401474	0.527707552857156	0.933834524	0.00229823793786014
1136	SLC38A3	0.802690125	0.10857065700974	0.492693418	0.621170438576699
1137	EIF4H	-0.618540955	0.0564953822534073	1.16909056	0.737526241994088
1138	RPN1	0.098016739	0.0263241467216358	0.145014756	0.9327877641494
1139	ME1	-0.197166061	-0.85119223120866	0.280106929	1.98966965877652e-06
1140	SH3BGRL2	0.600138474	-0.703112205725808	0.21826822	0.00461631999839757
1141	PLG	0.031047821	0.192139141270163	0.023380075	0.414775997664512
1142	PMM2	-0.191856384	0.403940058857333	0.128173517	0.205943412150024
1143	ALDOA	-0.10463028	0.111521985593431	0.171277987	0.585210135246685
1144	TKT	-0.569555664	-0.178435628105721	2.146360871	0.570283411560954
1145	PICALM	0.08211937	-0.818053937270753	0.045872159	0.00033181010179435
1146	RPS15A	-0.174344635	-0.279741953922326	0.195873661	0.230495592433233
1147	DECR2	-0.017264175	0.194982863091982	0.009844358	0.372022134283577
1148	VWA8	1.519195938	-0.362084755675876	0.557537261	0.223699404699005
1149	DHRS7B	-0.104301453	0.0759997881182979	0.075090812	0.655683979975758
1150	SOD2	-0.414281082	0.1695971797424	0.65535438	0.378493944119497
1151	ACAD11	0.242550278	-1.09509874994976	0.210049079	0.000937157726814884
1152	MDH2	0.332163239	0.467172829628825	1.570663045	0.0238880956230121
1153	RPLP2	-0.278500748	0.718261187573771	0.843710079	0.123211237555579
1154	RPS27L	-0.479426956	0.167953692081519	0.31833037	0.607343420758665
1155	UFM1	-0.323616791	-0.180494330091775	0.488761848	0.502665903863036
1156	CTSZ	-0.017481613	-0.0136220861474306	0.015810852	0.978039753497981
1157	PSMA7	-0.451575851	-0.0171996112605204	1.073538972	0.945398748158503
1158	SNCA	0.052878189	0.501925862253139	0.013062324	0.280439131143421
1159	TOP1	-0.829914856	-0.61710161975931	1.945599196	0.000840678763067096
1160	CAPZB	0.243318939	0.12606636437857	0.344867713	0.394329118245547
1161	RPL22	-0.103070831	0.174545700854354	0.110754324	0.244875668950943
1162	PARK7	-0.110652924	0.0701674533090526	0.850977477	0.740546826759717
1163	VAMP3	-0.848904419	0.428296508009767	1.731997235	0.0299362048356663
1164	PGM1	0.577431488	0.540454040534619	0.782511186	0.0152980971038108
1165	UBAP2L	-1.965951157	-0.228731856804201	2.099142522	0.13267492025929
1166	HAX1	0.312313843	-0.0468173566371784	0.524604683	0.838317129955117
1167	UBE2V1	-0.346716309	0.216253970653176	0.867130062	0.399249190746156
1168	CCT5	0.202191544	0.17088586965507	0.085590758	0.306127423762807
1169	LZIC	-0.104857635	0.232510933673286	0.068043046	0.518009717620108
1170	PRDX1	-0.107892227	0.047668540987329	0.501644293	0.934252622094228
1171	DHX15	-0.242363739	-0.591284817915918	0.137467699	0.0204217094222504
1172	RPL5	-0.221572495	-0.184654830205548	0.439175959	0.0504487027849438
1173	CALD1	-0.434984589	-0.509131421834569	0.589298629	0.0127768062380117
1174	CCDC167	0.183346176	0.18738154152743	0.139721777	0.700054646888813
1175	GSS	0.140206528	0.33743926405761	0.218644434	0.0688243514669264
1176	CTH	0.434460449	-0.200995054688257	1.051011746	0.453917463685164
1177	HNRNPDL	-0.421092606	0.0441513151996295	0.427714789	0.853645913385506
1178	RPS21	-0.367782211	-0.0269413685968747	0.575115415	0.934252622094228
1179	ASS1	0.619430923	0.168100382796779	0.65572896	0.523506433574684
1180	EIF3I	-0.984137726	-0.163592889702792	2.684260202	0.314280881694206
1181	RCC2	-0.769280243	-0.134673847140855	0.448501955	0.599623146684564
1182	ALPL	-0.520506287	-0.394595625656176	0.647621166	0.370940419384078
1183	GID8	-1.135042191	0.204862854392458	1.000456609	0.190545505479344
1184	KHDRBS1	-0.070316696	-0.349921855632418	0.060745107	0.173658140824246
1185	ATP1A1	0.448171997	-0.426495924735195	0.516358494	0.0328588992914126
1186	DNAJC3	0.025237274	-0.392179232065713	0.01929018	0.15273908036749
1187	HP1BP3	-1.228926849	-0.160268933982083	1.226011082	0.463482840767923
1188	RARRES2	-0.522995758	0.565521160041131	0.531381412	0.193558442342847
1189	TXLNA	-1.001276398	-0.310224700402136	1.712433611	0.0815433337524778
1190	CCAR1	-0.448010635	-0.62421952733682	0.310834189	0.0061345889197693
1191	LETM1	0.244547653	-0.126265231729848	0.454728805	0.559181160783073
1192	SEC31A	-0.398468018	0.0633009768100329	0.225120934	0.803096950357575
1193	RPS8	-0.263930511	-0.136447028544891	0.401459365	0.262638326743592
1194	YWHAB	-0.557073212	-0.400596422656672	1.308321068	8.669303114099e-05
1195	FKBP1A	-0.420929337	0.0131099723194497	0.655881813	0.950376199268818
1196	SRSF6	-0.414162827	0.0141982359037776	0.383165039	0.960839077810152
1197	NSFL1C	-0.715684891	-0.012497289636654	1.639171394	0.954443619955659
1198	TINAGL1	-1.173318481	0.328534963939808	2.084566988	0.369336682788186
1199	ERICH3	1.001757813	0.0481558955505247	0.417832207	0.970293674240363
1200	DYNLRB1	-1.44142952	-0.0802929356980267	2.025355168	0.680102154196606
1201	TGM2	0.310950851	1.03755572213114	0.630256341	0.0150342632237577
1202	CDC42	-0.397335815	-0.201898560060443	0.306617816	0.382211302535108
1203	SEPTIN11	0.224869156	-0.560941393188589	0.108557044	0.0553364554802952
1204	RPL9	-0.399897766	0.133072714105943	1.896164315	0.68186926322519
1205	WASF2	-0.780991745	0.230479602064677	0.407104619	0.206368042899279
1206	ISG15	1.729000473	0.877158448948996	0.711942512	0.491679487002397
1207	WDR1	-0.023762894	-0.00802326861631446	0.021708007	0.973005287046438
1208	GC	0.281587601	-0.0777916470180407	0.167463878	0.802303473243892
1209	SFPQ	-0.248204803	-0.417274524542751	0.389996647	0.146745179984666
1210	PHYHD1	-0.093743515	0.372190501098411	0.204972916	0.116217032215009
1211	HSPG2	0.754244614	0.245562977132521	0.533075335	0.633348478469637
1212	TMED5	-0.200904465	-0.31762866960796	0.192708824	0.324128689936467
1213	S100A13	-0.140559006	0.461799560532619	0.037809977	0.417035805110483
1214	SCP2	-0.114461899	0.0297292326605638	0.178633817	0.952456482323495
1215	SLC16A1	1.786790466	-0.46988385675317	1.371317782	0.0607903576781101
1216	YBX1	-0.089154816	-0.0595241011090815	0.096347682	0.550239524651037
1217	C5H1orf50	-0.494634628	0.314927215428837	0.537013491	0.335818285403681
1218	S100A6	-0.471228027	-0.152550785380986	0.339248215	0.864694722775038
1219	QDPR	-0.032394028	0.292013310767394	0.037948208	0.310584921268398
1220	SDF4	-0.558742142	0.233453765242806	1.114647938	0.0938935565796369
1221	CSE1L	2.992417336	-0.503731257447693	1.773047037	0.00350649081180739
1222	EFHD2	-0.227045059	1.29805745597728	0.215593329	0.00191950012302246
1223	SDHB	-0.141141129	-0.18411088281142	0.244588142	0.334561036300232
1224	CCT3	0.509086609	-0.342590689082553	0.277274825	0.0362401107158331
1225	USO1	1.458615112	-0.440360112921183	0.649274533	0.0540173257060682
1226	G3BP2	-0.898252487	-0.379950744630672	0.692135682	0.0913930286770123
1227	TOMM34	-0.144514847	0.108608007129112	0.095054806	0.667909289721564
1228	GNG12	-1.521815109	-0.514269022300739	1.80567617	0.337997245470156
1229	PGD	-0.092040253	-0.00392852461617752	0.102091972	0.990798059763426
1230	PEX14	-0.854840088	0.456735051034034	1.028782607	0.0438538452870731
1231	HNRNPD	-0.60088501	-0.0410431203460482	1.86820897	0.843824225346588
1232	PDLIM5	-0.659282684	-0.655146667528192	0.361731115	0.0038967660022517
1233	LAP3	0.034150696	0.182695952043191	0.043474516	0.418841223055468
1234	PFDN4	-0.913077927	0.02211100067758	0.955610484	0.965372258327714
1235	CENPV	-1.438463974	0.548456156707791	2.276851412	0.134870670715732
1236	PEF1	-0.781278229	0.0541301015876617	0.863354651	0.821348225300913
1237	SARS1	1.06281395	0.183609368466087	0.49946547	0.313131503772991
1238	EMB	0.110431671	0.200431115882489	0.170821563	0.846651628626591
1239	EPB41	-0.240966415	-0.360945559635625	0.138888353	0.111378188649804
1240	HSD17B11	-0.61068306	-1.01612792870471	0.211427437	0.000243766332233495
1241	TKFC	0.092638779	0.0605129397731685	0.132054243	0.887367114898527
1242	ARFGAP2	-0.889688492	0.124577801728714	1.78729345	0.592645995354927
1243	GANAB	0.307495117	0.0515908762885246	0.271693158	0.731425930811181
1244	AHNAK	1.239915848	0.0263658742708028	0.883076117	0.969089364161387
1245	FADS1	-1.366707993	-0.324596413141922	0.851888453	0.524742488553438
1246	HDGFL3	-0.255913544	-0.432262520599421	0.230284397	0.207303242493965
1247	CAPZA2	-0.368754959	-0.327516801706122	0.175859392	0.127807682122809
1248	DDX17	-0.500234985	-0.280762110725261	0.61065256	0.19041224429114
1249	PDXP	-0.872385406	0.418557902649119	0.834747399	0.201341236034175
1250	TOMM22	-0.519815445	0.124425089040964	1.393230741	0.547283187256542
1251	TJP1	-0.601107788	-0.482836124805143	0.513971972	0.00320844680921494
1252	HSPA9	0.011144638	-0.377505837791793	0.017674076	0.0276172909878275
1253	SDHAF2	1.155063248	0.133500164521124	1.006866444	0.634809524882613
1254	PC	0.684720993	-0.00815170108617712	0.440627678	0.981021206069206
1255	CTSC	-0.35594368	-0.487160701717834	0.215529312	0.0496593003438394
1256	TPI1	-0.358903503	0.297579506839517	0.652561618	0.157664724195653
1257	HMGB1	-0.621401596	-0.293217379878423	1.318255615	0.0145442682180448
1258	SF1	-0.558597946	-0.276710625919605	0.37699153	0.0382110745199549
1259	MYH9	0.238653564	0.137482377561659	0.132015437	0.49680187656797
1260	SLC25A22	0.993057251	0.0762832909472679	0.667344401	0.827903460920484
1261	TALDO1	-0.467588806	-0.0796793702650772	1.28172226	0.757950418677599
1262	SPTAN1	-0.018409348	-0.305341988474307	0.015890098	0.351900286807082
1263	PHB2	0.290405273	0.311053376537496	0.886952755	0.12001973143586
1264	CAPRIN1	-0.951029205	-0.361630127469039	1.250409183	0.0634072967717975
1265	UBE2D3	-0.161427307	-0.16411523199102	0.062153792	0.348097902539689
1266	PTMS	-0.185467911	0.349389100462215	0.182307265	0.0930736591510101
1267	SELENOS	-0.587798691	0.168331334444377	0.456122842	0.508923005152528
1268	TST	0.166448975	0.317916965020319	0.304494098	0.41494499232992
1269	HADH	0.060078049	0.242653117965704	0.056523884	0.347084942988804
1270	FTH1	-0.989930725	-0.276039720599375	1.234160763	0.358170258839484
1271	SAMM50	0.499753571	-0.00472098890161141	0.4030531	0.986324145002375
1272	SNRPA1	-0.153439713	0.258521752971351	0.091738379	0.142668546960862
1273	SVIP	-1.820619202	-1.47334072491655	1.752480243	0.0153172204360102
1274	CTSD	0.509554672	-0.000426998089010357	0.72343475	0.998578042280122
1275	MPST	-0.194026184	0.628674462322814	0.362674046	0.193313041206831
1276	EIF3F	0.970209503	-0.0193799474039126	1.237219794	0.931545801478382
1277	MCEE	-0.961743164	0.320754023448006	0.483239005	0.175639696409584
1278	UBXN1	0.053167343	0.0803681914988622	0.045724314	0.737406895339783
1279	PVALB	-1.288568497	-0.0433348900062019	0.639085465	0.972867401567659
1280	ADH7	0.316597366	0.783411423757236	0.144034322	0.0226247928995235
1281	PRDX5	-0.196063995	0.299089535090424	0.644092464	0.191562593223891
1282	SERPING1	1.18829689	0.178997913813146	0.77704755	0.459221803780275
1283	PURA	1.066188049	-0.602463714846403	0.616084637	0.00230907632565742
1284	DRAP1	-0.471804047	0.209114027446126	0.731265442	0.404525511067546
1285	PCBD2	-0.668470383	-0.260741979233598	0.261265109	0.325322758019247
1286	SNU13	-0.757421112	-0.123261174270876	0.68820205	0.635791668024408
1287	PLXNB2	1.663957214	0.136177763246265	1.296885139	0.545074049301375
1288	MTCH2	2.413786316	-0.0425758668971113	2.198837904	0.855988726632899
1289	TCOF1	0.638342667	-0.0683658911310689	0.322400818	0.850121407023928
1290	SLC38A4	0.09421463	-0.761682871934045	0.043077232	0.00513505663374234
1291	UGT8	0.160922623	1.70643140564759	0.040031898	0.0371595014677592
1292	RCN1	-0.584906769	-0.158291750354807	0.844565704	0.772825223170076
1293	NAP1L4	-0.253645325	0.192616593460673	0.32959588	0.170646377497089
1294	TMEM109	-1.451537704	0.157644864170349	1.915956077	0.590881544829194
1295	CTTN	-0.405399704	0.456274876637591	0.774835665	0.00834466459240119
1296	SF3B2	-1.028100967	0.0414999240432083	3.013710737	0.85411162252308
1297	VDAC3	0.638179779	0.0465554667738939	0.775925634	0.805824439571057
1298	TWF1	-0.063180923	-0.43014346154219	0.051896914	0.139322093528972
1299	LDHA	0.791941071	0.347640185854756	1.060547891	0.0841287081187939
1300	PPA2	-0.441414261	0.34125720682422	0.908379478	0.266311473579099
1301	RPL27A	0.504087067	-0.0817982329761383	0.724210978	0.704190404913469
1302	DHCR7	0.041919327	0.230965940102102	0.017199599	0.648114423829246
1303	CD163	0.579276657	-0.0522522955363923	0.529317291	0.941226198011704
1304	SPTBN2	0.536895752	0.230828202736582	0.250509327	0.443437754020353
1305	RPL34	0.169823074	0.0970204380640277	0.20268668	0.570315982028397
1306	ETNPPL	-0.246009445	0.234546533623847	0.299535189	0.491801907996367
1307	PPP1CA	0.077143478	0.194369407308349	0.112561145	0.197725704296748
1308	CPT1A	0.621214676	-0.0508801189698979	0.926367816	0.836559314808114
1309	NUCKS1	-1.156697464	-0.0713364435746994	0.397525379	0.764334639516371
1310	CCAR2	-0.497180176	0.313936741469711	1.016821142	0.0244828681647352
1311	CFH	0.206734848	-0.285122050874906	0.117488416	0.571566269489578
1312	PIGR	-0.674302292	-0.550411385473362	1.799065436	0.0209213910411537
1313	ANXA5	0.031914139	-0.121445438376855	0.0354208	0.624356009772878
1314	FGB	0.403810883	0.366667104793618	0.643087685	0.315818914203768
1315	ATP6V1B2	-0.602459335	0.0316220527977201	0.443838625	0.900481405208173
1316	SRSF3	-0.654294205	-0.17426210785499	0.944603342	0.638509944411229
1317	LSM6	0.775807571	0.254514882335213	0.86136571	0.215176161212102
1318	RPL18	-0.173992157	-0.0184709874635575	0.194611663	0.914573789082449
1319	DPYD	0.558998108	-1.05019216359421	0.356462139	6.30043692310798e-05
1320	CDH11	-0.297449493	-0.80456950130945	0.343611276	0.0074195844968078
1321	A1BG	0.66770668	1.02308915790149	0.891597082	0.000124688351670229
1322	ACTN4	0.096047592	-0.165865131054571	0.070830329	0.165551381589321
1323	HNRNPL	0.143740845	0.0700659256357978	0.266015999	0.80994952872151
1324	CEACAM1	-0.182162094	-0.400151653225389	0.400735499	0.258842258926638
1325	AGL	2.44056778	-0.142565816675706	2.181422051	0.473782790128165
1326	CES1	-1.481131363	-1.61192721244779	2.830432855	0.000183795665511943
1327	DNAJA2	-0.656705093	-0.579347721330964	0.404911875	0.00134296053091615
1328	HSBP1	-0.247828293	0.258080055937123	0.357546876	0.0667013847549935
1329	MLYCD	0.858153534	0.545311731905212	0.401552637	0.0979334765757246
1330	RPL13	0.236064148	0.302615030425025	0.311424482	0.312263507139323
1331	GCSH	-0.794261169	-0.308099977826197	0.815633602	0.0450118842515096
1332	APOE	-0.369509888	0.226263342181164	0.68949031	0.181387667025708
1333	TPPP3	0.011947632	1.2881477618254	0.006565636	0.0642817745617816
1334	TAT	1.271250153	-0.4899005149966	1.829013143	0.0953253965728908
1335	DPEP1	-0.802519989	0.629266092167286	0.677166844	0.393093479639768
1336	COL4A1	-0.093425369	0.175839321939388	0.034801925	0.727265999594206
1337	NUCB1	-1.133773422	-0.0310095902786951	0.769546313	0.88138173783612
1338	CIAPIN1	0.908198547	0.51129961176769	0.622166009	0.0337230151203401
1339	CA5A	0.55672493	0.330344640328413	0.3695265	0.148573755913149
1340	NUTF2	-0.576550293	-0.157969788713078	1.034885213	0.283808166490432
1341	PDCD5	-0.792317963	0.210621457346003	1.653498452	0.628698134715047
1342	PSMD7	-0.449214172	-0.168847792476128	0.217419287	0.355365546383174
1343	C9	0.101148605	0.113559416332456	0.096592986	0.729129755932997
1344	APOC4	-0.955400085	-0.135618522538493	2.549375014	0.705195549450495
1345	CFDP1	-0.68167572	0.144183595806239	0.931381756	0.550081821339898
1346	GSN	-0.359581375	1.024549988239	0.321331295	0.212915318209704
1347	NADK2	0.308191299	0.0162276013303001	0.234468145	0.970754021099387
1348	ACAD10	-0.635477829	-0.12551572011421	0.576278018	0.70033908944697
1349	ATP2A2	-0.782731628	-0.597949779114921	0.589180727	0.0550738598015109
1350	RAB35	-1.188531494	-0.102996410647901	0.932669619	0.72982161411882
1351	SRSF9	-1.498768234	-0.05880765615286	1.157099138	0.747286715931148
1352	ACBD5	0.8228508	-0.498304463133515	0.414108438	0.0754644453944852
1353	ECHDC3	0.879249191	0.527717947773783	0.795565203	0.0319517993892804
1354	AGT	-1.040564728	-0.471797253908762	1.781504254	0.0244709820878637
1355	YWHAH	-0.198522186	-0.175955932546548	0.343658497	0.500146148395455
1356	DIABLO	0.033813477	0.231390277298474	0.052002909	0.298439850784799
1357	ITGB1	-0.613610077	-0.724496719965531	1.423989013	0.00911222829975109
1358	GDI2	1.444015503	-0.142619145708981	0.807768755	0.391140490740801
1359	MRC1	0.680357361	-0.0156482043462184	0.506466859	0.985530358394215
1360	ACADS	0.046367264	0.343961482905829	0.059822824	0.206559067445555
1361	ARPC3	-0.535412598	-0.139889378777159	1.260581919	0.39995419465577
1362	EPHX1	0.059000397	-0.471631092859195	0.060659665	0.108742690226956
1363	AGXT2	-0.062757492	-0.472619347950075	0.047918071	0.00905202348481406
1364	SEC14L2	0.398925018	-0.10718598214389	0.549024591	0.696808299178811
1365	PITPNB	-0.0239254	-0.203923060421157	0.010931397	0.142976389800727
1366	SF3A1	-1.633679199	0.058631957753263	1.09752583	0.818562577596654
1367	PXN	0.569013596	-0.143378937646751	0.367414118	0.571501783230105
1368	ALDH2	0.767673111	0.0386038809588823	0.77671234	0.895650864212537
1369	DHTKD1	2.506035614	-0.0443987728035375	0.963257932	0.886704982263879
1370	PPP1CC	0.018534851	-0.436407122690837	0.032151709	0.00802062591419181
1371	ATP5F1C	0.250449371	-0.0960675345599806	0.4622978	0.588716088476701
1372	SRP9	-0.806794739	-0.428077495507825	4.018452398	0.131119419827839
1373	TOMM20	0.321570587	-0.122085846517811	0.362369828	0.519374843771018
1374	PHYH	1.205105591	0.553004515666969	1.907921661	0.00886062595637929
1375	SDHA	0.03875351	0.281086410649659	0.054170544	0.10761323218058
1376	RAN	-0.42004776	-0.209070033337384	1.050557854	0.227402474244238
1377	TMED2	-0.364359665	-0.3116691708019	0.323018096	0.211131837313628
1378	NID1	-0.376330185	-0.344992097198859	0.311043223	0.650126998065584
