pathway	pval	padj	log2err	ES	NES	size	leadingEdge
1	KEGG_PROXIMAL_TUBULE_BICARBONATE_RECLAMATION	0.000162123244558957	0.0100516411626553	0.518848077743792	0.78839709048995	2.00713465741302	14	c("PCK1", "ATP1B2", "CA2", "GLS2", "ATP1B1", "SLC25A10", "PCK2", "ATP1A1", "FXYD2", "SLC38A3")
2	KEGG_CIRCADIAN_RHYTHM_MAMMAL	0.000544322213314494	0.025310982919124	0.477270815362862	0.843443610866999	1.92401998034792	9	c("PER1", "PER2", "CRY2", "BHLHE40", "NR1D1")
3	KEGG_GLYCINE_SERINE_AND_THREONINE_METABOLISM	0.00495026036103354	0.124804730402478	0.407017918923954	0.58572090974589	1.73795467791139	28	c("SDS", "PSPH", "ALAS2", "PHGDH", "ALAS1", "MAOB", "SHMT1", "CBS", "GAMT")
4	KEGG_MAPK_SIGNALING_PATHWAY	0.000133411733007815	0.0100516411626553	0.518848077743792	0.408798310978901	1.70511569976823	166	c("NR4A1", "DUSP1", "DUSP10", "MYC", "DUSP4", "DUSP8", "DUSP3", "JUN", "MAP2K6", "GADD45A", "IL1R2", "GADD45G", "CD14", "PDGFRA", "FGFR1", "EGFR", "FGF21", "MAPK8IP1", "JUND", "TRAF6", "DUSP5", "GADD45B", "PPP3CC", "NTRK1", "PLA2G6", "MAP3K6", "RRAS", "MAP3K8", "PDGFB", "HSPA2", "MAPK8IP3", "PPP3CA", "PDGFRB", "CACNG5")
5	KEGG_BASAL_CELL_CARCINOMA	0.00536794539365497	0.124804730402478	0.407017918923954	0.578845118938808	1.68554035240292	26	c("WNT10B", "WNT1", "PTCH1", "FZD5", "FZD4", "BMP2", "FZD8", "WNT2", "PTCH2", "WNT9B", "FZD7")
6	KEGG_CARDIAC_MUSCLE_CONTRACTION	0.00659282900311228	0.136251799397654	0.407017918923954	0.573823799826801	1.67091876243236	26	c("ATP1B2", "ATP1B1", "TPM2", "CACNG5", "COX6B1", "ATP1A1", "FXYD2", "COX4I1", "CYC1", "COX5A", "UQCR11", "CACNA2D2", "UQCRFS1", "UQCRC1")
7	KEGG_OTHER_GLYCAN_DEGRADATION	0.0199777567335862	0.167426783894135	0.352487857583619	0.698130902674339	1.66587966197595	11	c("HEXA", "FUCA2", "MAN2C1", "GLB1", "NEU1", "AGA", "HEXB", "NEU3")
8	KEGG_PYRUVATE_METABOLISM	0.017330859499948	0.167426783894135	0.352487857583619	0.538309181215258	1.59727430605404	28	c("PCK1", "ME1", "PKLR", "AKR1B1", "PC", "ALDH1B1", "PCK2", "MDH2")
9	KEGG_ARGININE_AND_PROLINE_METABOLISM	0.0149888796631042	0.154885089852076	0.380730400722792	0.489358942845069	1.58595883630194	41	c("ASS1", "OAT", "PYCR2", "GLS2", "P4HA2", "GOT1", "ALDH1B1", "ARG1", "CPS1", "MAOB", "ACY1", "ASL", "GOT2", "GAMT", "PRODH")
10	KEGG_OXIDATIVE_PHOSPHORYLATION	0.00840188106068506	0.153281514059173	0.380730400722792	0.44527137085916	1.5848861443168	65	c("ATP5F1A", "COX10", "ATP6V0A1", "LHPP", "NDUFV3", "COX6B1", "COX4I1", "ATP6V1B2", "CYC1", "COX5A", "UQCR11", "NDUFB7", "NDUFB9", "NDUFS7", "SDHB", "NDUFV2", "UQCRFS1", "ATP6AP1", "NDUFS8", "UQCRC1", "NDUFS1", "PPA1", "NDUFA8", "NDUFS3", "NDUFA9", "SDHC", "ATP6V1D", "NDUFB6", "NDUFB8", "ATP6V1H", "COX7A2", "ATP6V0E1", "SDHA", "ATP6V0D1")
11	KEGG_DNA_REPLICATION	0.02160345598634	0.167426783894135	0.352487857583619	0.507806591618316	1.53213702243075	30	c("MCM5", "MCM6", "MCM2", "FEN1", "RPA2", "LIG1", "MCM7", "RNASEH1", "POLD2", "MCM3", "DNA2", "POLD3", "RPA1", "POLD1", "RNASEH2C", "RFC3", "POLA1")
12	KEGG_CELL_CYCLE	0.0120535692748146	0.154708560205707	0.380730400722792	0.403611751757676	1.50706887920542	86	c("MYC", "DBF4", "GADD45A", "CDKN1A", "GADD45G", "WEE1", "MCM5", "ORC1", "MCM6", "MCM2", "GADD45B", "PKMYT1", "MAD2L1", "E2F2", "ANAPC1", "CCND3", "MCM7", "E2F5", "PTTG1", "ORC6", "CDK7", "MCM3", "SMC3", "CDKN2C", "ZBTB17", "ABL1", "E2F3", "CCNH", "MAD1L1", "CDKN2D")
13	KEGG_ADIPOCYTOKINE_SIGNALING_PATHWAY	0.0212718827804115	0.167426783894135	0.352487857583619	0.442124675988957	1.49105560312397	49	c("IRS2", "PPARGC1A", "PCK1", "SLC2A1", "CPT1A", "ACSL3", "ADIPOR1", "NFKBIA", "PRKAB2", "PCK2", "ACSL1", "NFKBIB", "ADIPOR2", "PPARA")
14	KEGG_PATHOGENIC_ESCHERICHIA_COLI_INFECTION	0.0448401248987594	0.265040038899892	0.321775918075361	0.481904787856269	1.48355879413674	32	c("TUBB1", "CD14", "TUBB2A", "NCK2", "TUBB6", "WASL")
15	KEGG_WNT_SIGNALING_PATHWAY	0.0196183738984651	0.167426783894135	0.352487857583619	0.386077407977115	1.46110987190137	92	c("MYC", "JUN", "WNT10B", "WNT1", "VANGL1", "FZD5", "FZD4", "CTNNBIP1", "WIF1", "FZD8", "PLCB1", "PPP3CC", "SIAH1", "WNT2", "PSEN1", "LRP5", "CCND3", "WNT9B", "PPP3CA")
16	KEGG_PENTOSE_PHOSPHATE_PATHWAY	0.0579150579150579	0.299227799227799	0.261663521711573	0.527119122095139	1.4463708954166	20	c("PFKM", "GPI", "PFKL", "TALDO1", "TKT", "ALDOA", "FBP1", "ALDOB")
17	KEGG_GLYCOSPHINGOLIPID_BIOSYNTHESIS_GLOBO_SERIES	0.0850202429149798	0.338260331218078	0.219250346703755	0.708406183201407	1.44382851880517	6	c("A4GALT", "HEXA", "GBGT1", "GLA")
18	KEGG_BLADDER_CANCER	0.0682261208576998	0.325386114859799	0.241339976815091	0.465444149767558	1.43288421067339	32	c("MYC", "CDKN1A", "EGFR", "RASSF1", "E2F2", "THBS1", "KRAS", "MMP2")
19	KEGG_NITROGEN_METABOLISM	0.0945674044265594	0.338260331218078	0.206587922696891	0.574133852599418	1.43260511604097	13	c("CA2", "GLS2", "HAL", "CPS1", "CA8")
20	KEGG_CITRATE_CYCLE_TCA_CYCLE	0.0632183908045977	0.31780055917987	0.248911114434702	0.494986577651615	1.42929799811403	25	c("PCK1", "PC", "IDH2", "ACO2", "OGDH", "ACO1", "PCK2", "MDH2")
21	KEGG_ALANINE_ASPARTATE_AND_GLUTAMATE_METABOLISM	0.0721062618595825	0.335294117647059	0.231126709673834	0.492525264555389	1.41545078831129	24	c("ASS1", "GPT2", "GLS2", "GOT1", "CPS1", "GPT", "PPAT", "ASL", "GOT2")
22	KEGG_LYSOSOME	0.030525946601042	0.210289854362734	0.352487857583619	0.369784231407629	1.40340146386669	96	c("HEXA", "GNPTAB", "GNPTG", "CTSZ", "ARSG", "CTSB", "GAA", "AP3M2", "PSAP", "ARSA", "NPC1", "CTSD", "ACP5", "ATP6V0A1", "CTSF", "NAGPA", "LIPA", "PPT2", "GALC", "GM2A", "SCARB2", "MCOLN1", "NAGLU", "GNS", "NPC2", "GLA", "SLC17A5", "DNASE2", "GLB1", "CTSA", "LGMN", "SMPD1", "NEU1", "AGA", "HEXB", "ATP6AP1", "M6PR", "GUSB", "AP1M1", "CTSV", "GGA2", "AP3B1", "DNASE2B", "SGSH", "LAPTM4A", "LAMP2", "CTSH", "ATP6V1H", "CTNS")
23	KEGG_ALDOSTERONE_REGULATED_SODIUM_REABSORPTION	0.0777988614800759	0.338260331218078	0.222056046145248	0.486477311005175	1.39806979034757	24	c("SCNN1B", "IRS2", "ATP1B2", "ATP1B1", "NR3C2", "SLC9A3R2", "ATP1A1", "KRAS", "FXYD2")
24	KEGG_ERBB_SIGNALING_PATHWAY	0.0543071161048689	0.289667565139263	0.266350657088526	0.398884631503145	1.3836226498298	57	c("NRG4", "MYC", "JUN", "CDKN1A", "EGFR", "NCK2", "HBEGF", "PLCG1", "GAB1", "EIF4EBP1")
25	KEGG_FRUCTOSE_AND_MANNOSE_METABOLISM	0.0874524714828897	0.338260331218078	0.208955027549354	0.485066698476312	1.38045093316619	23	c("PFKFB3", "PFKM", "AKR1B1", "PFKL", "ALDOA", "FBP1", "ALDOB", "SORD", "KHK", "PFKFB1", "PMM1")
26	KEGG_PATHWAYS_IN_CANCER	0.0243252448112869	0.180979821395974	0.352487857583619	0.321691498834853	1.37019764985672	205	c("MYC", "ZBTB16", "JUN", "WNT10B", "CDKN1A", "WNT1", "SLC2A1", "PTCH1", "LAMA2", "FZD5", "PDGFRA", "LAMB2", "FGFR1", "FZD4", "EGFR", "FGF21", "NFKBIA", "TRAF6", "BMP2", "NCOA4", "FOXO1", "FZD8", "LAMA5", "RASSF1", "LAMC1", "WNT2", "NTRK1", "PTCH2", "HSP90AB1", "E2F2", "JUP", "PDGFB", "MITF", "PLCG1", "EPAS1", "WNT9B", "ITGA3", "ITGA2B", "ITGA6", "PDGFRB")
27	KEGG_ABC_TRANSPORTERS	0.0923379174852652	0.338260331218078	0.206587922696891	0.449626514432927	1.35659804421557	30	c("CFTR", "ABCG5", "ABCG8", "ABCD3", "ABCA4", "ABCC1", "ABCG1", "ABCB4", "ABCA1", "ABCA3", "ABCG2", "ABCA5")
28	KEGG_FATTY_ACID_METABOLISM	0.0912698412698413	0.338260331218078	0.208955027549354	0.450022862799488	1.34648800712527	29	c("CPT1A", "ACSL3", "ALDH1B1", "ACSL1", "ACOX1", "ACADVL", "EHHADH", "ACSL5", "HADHB", "ECI1")
29	KEGG_GAP_JUNCTION	0.0823970037453183	0.338260331218078	0.213927855492356	0.383500989245878	1.3302609653151	57	c("TUBB1", "TUBB2A", "PDGFRA", "EGFR", "TUBB6", "PLCB1", "ADCY8", "LPAR1", "PDGFB", "PDGFRB", "GNA11", "ADCY1", "ITPR3", "KRAS")
30	KEGG_TASTE_TRANSDUCTION	0.176113360323887	0.517581583607387	0.148261500475107	0.524333462339703	1.27537520209225	12	c("SCNN1B", "ADCY8", "ITPR3")
31	KEGG_RETINOL_METABOLISM	0.182341650671785	0.517581583607387	0.141225119642531	0.473755794245511	1.27050350483764	18	c("CYP26B1", "CYP26A1", "LRAT", "BCO1", "RETSAT", "CYP1A2", "UGT1A1", "DHRS4")
32	KEGG_HYPERTROPHIC_CARDIOMYOPATHY_HCM	0.142857142857143	0.450363196125908	0.160801401070022	0.391801596021614	1.26250842423633	38	c("LAMA2", "DES", "ITGA7", "ITGA10", "TPM2", "ACE", "PRKAB2", "SGCB", "ITGA3", "ITGA2B", "ITGA6", "CACNG5")
33	KEGG_MISMATCH_REPAIR	0.211350293542074	0.529941980936593	0.131457611642763	0.47558679598472	1.23825933251676	15	c("RPA2", "LIG1", "POLD2", "POLD3", "RPA1", "POLD1", "RFC3", "MSH2", "RPA3")
34	KEGG_MELANOGENESIS	0.146892655367232	0.455367231638418	0.157402899305283	0.352523505474392	1.23545198031866	60	c("WNT10B", "WNT1", "FZD5", "EDNRB", "FZD4", "FZD8", "PLCB1", "WNT2", "ADCY8", "MITF", "WNT9B", "ADCY1", "FZD7", "KRAS")
35	KEGG_SPHINGOLIPID_METABOLISM	0.191650853889943	0.519446159273305	0.136490437780413	0.425852819854262	1.22384322784221	24	c("SGPL1", "ARSA", "ACER2", "GALC", "GLA", "SMPD2", "GLB1", "SMPD1", "NEU1", "NEU3", "KDSR", "PLPP1", "SGMS2", "ASAH1")
36	KEGG_CYSTEINE_AND_METHIONINE_METABOLISM	0.200389105058366	0.524963007617691	0.135002033828631	0.417444752068693	1.21555827541667	26	c("SDS", "GOT1", "AHCY", "CBS", "GOT2", "MAT2B", "LDHB", "MPST", "MAT1A", "DNMT3A", "TAT")
37	KEGG_DORSO_VENTRAL_AXIS_FORMATION	0.238747553816047	0.555088062622309	0.122679189568808	0.4633380248846	1.21070238644268	16	c("EGFR", "KRAS", "ETS2", "NOTCH1", "SPIRE1", "GRB2")
38	KEGG_THYROID_CANCER	0.21264367816092	0.529941980936593	0.129442887745046	0.417982892425779	1.20694608371898	25	c("MYC", "NCOA4", "NTRK1", "KRAS", "CCDC6")
39	KEGG_GALACTOSE_METABOLISM	0.231225296442688	0.544403862510632	0.12563992130984	0.454683100775432	1.19975561796522	17	c("PFKM", "AKR1B1", "UGP2", "GAA", "PFKL", "GANC", "GLA", "GLB1")
40	KEGG_NOTCH_SIGNALING_PATHWAY	0.213872832369942	0.529941980936593	0.129442887745046	0.383905839502772	1.1932308856869	34	c("HES1", "DLL1", "MAML3", "NCOR2", "PSEN1", "MAML1", "NCSTN", "NOTCH1")
41	KEGG_AXON_GUIDANCE	0.181818181818182	0.517581583607387	0.140406238523342	0.322824133734068	1.18726268486176	77	c("EFNA1", "PLXNB1", "SEMA6B", "UNC5B", "EPHA4", "RND1", "NCK2", "PPP3CC", "ABLIM3", "CFL2", "SEMA3F", "SEMA4C", "EFNB1", "PPP3CA", "SRGAP1", "SEMA4B", "SEMA5A", "KRAS", "EPHA2", "RHOD", "NFATC1", "PAK2", "MET", "SEMA6D", "SEMA6C", "ABL1", "SEMA4G")
42	KEGG_TGF_BETA_SIGNALING_PATHWAY	0.186440677966102	0.517581583607387	0.138022242496643	0.343715433352501	1.18022072675037	55	c("FST", "MYC", "SMAD6", "ID2", "BMP2")
43	KEGG_HOMOLOGOUS_RECOMBINATION	0.268101761252446	0.591668770512497	0.114750719227023	0.453097734354291	1.17970579259822	15	c("RPA2", "BLM", "POLD2", "NBN", "POLD3", "RPA1", "POLD1")
44	KEGG_GLYCEROLIPID_METABOLISM	0.24950495049505	0.565950253561942	0.120433371642259	0.392371363235067	1.16424671693674	28	c("TKFC", "LPL", "AKR1B1", "ALDH1B1", "DGKH", "LIPG", "GK", "GLA")
45	KEGG_ARRHYTHMOGENIC_RIGHT_VENTRICULAR_CARDIOMYOPATHY_ARVC	0.241904761904762	0.555485008818342	0.119887845115423	0.358296947176702	1.15454586908776	38	c("LAMA2", "DES", "ITGA7", "ITGA10", "DSP", "SGCB", "JUP", "ITGA3", "ITGA2B", "ITGA6", "CACNG5", "ACTN4", "ITGA9", "CTNNA1", "CACNA2D2", "ITGB4", "ACTN1")
46	KEGG_P53_SIGNALING_PATHWAY	0.269662921348315	0.591668770512497	0.11146266692298	0.345304382806779	1.13119838368777	43	c("GADD45A", "CDKN1A", "GADD45G", "SESN2", "SERPINE1", "GTSE1", "GADD45B", "SIAH1", "CCND3", "BBC3")
47	KEGG_STARCH_AND_SUCROSE_METABOLISM	0.309885931558935	0.604768786127168	0.103576326612592	0.399904852920932	1.12482207063129	22	c("PYGL", "PYGB", "GPI", "UGP2", "GAA", "GYS2", "GANC", "UGT1A1")
48	KEGG_DILATED_CARDIOMYOPATHY	0.289719626168224	0.604768786127168	0.106729884364606	0.34286143300209	1.11715549620247	42	c("LAMA2", "DES", "ITGA7", "ITGA10", "TPM2", "ADCY8", "SGCB", "ITGA3", "ITGA2B", "ITGA6", "CACNG5", "ADCY1")
49	KEGG_ECM_RECEPTOR_INTERACTION	0.280534351145038	0.599006256900994	0.110122263835536	0.335259776514185	1.11309610726281	47	c("LAMA2", "LAMB2", "ITGA7", "ITGA10", "COL6A2", "LAMA5", "LAMC1", "ITGA3", "ITGA2B", "ITGA6", "SDC4", "THBS1", "HMMR", "THBS2", "ITGA9", "COL1A1")
50	KEGG_GLYCOLYSIS_GLUCONEOGENESIS	0.312138728323699	0.604768786127168	0.103958471559957	0.35460517931302	1.10216050042079	34	c("PCK1", "PFKM", "PKLR", "GPI", "ALDH1B1", "PFKL", "ALDH1A3", "ALDOA", "PCK2", "ENO3", "PGK1", "FBP1", "ALDOB")
51	KEGG_PENTOSE_AND_GLUCURONATE_INTERCONVERSIONS	0.386587771203156	0.691397360036413	0.0925528864684773	0.477801147328359	1.08993528701693	9	c("AKR1B1", "UGP2", "UGT1A1", "XYLB", "GUSB", "DCXR")
52	KEGG_FOCAL_ADHESION	0.279850746268657	0.599006256900994	0.108820126769161	0.267772855708219	1.08129623113315	129	c("JUN", "LAMA2", "MYL9", "CAV1", "PDGFRA", "LAMB2", "ITGA7", "EGFR", "ITGA10", "COL6A2", "LAMA5", "LAMC1", "TLN2", "PDGFB", "CCND3", "BCAR1", "ITGA3", "ITGA2B", "VCL", "ITGA6", "PDGFRB", "VAV2", "FLNB", "ACTN4", "THBS1", "THBS2", "ARHGAP35", "IGF1R", "ITGA9", "VEGFA", "COL1A1", "PAK2", "PARVA", "FLT1", "MET", "PDGFA", "ITGB4", "ACTN1")
53	KEGG_GNRH_SIGNALING_PATHWAY	0.310280373831776	0.604768786127168	0.102449405629826	0.304683935451996	1.08067287600603	64	c("JUN", "MAP2K6", "EGFR", "PLCB1", "PLA2G6", "ADCY8", "HBEGF", "GNA11", "MAP2K3", "ADCY1", "ITPR3", "KRAS", "PRKCD", "MMP2")
54	KEGG_PRION_DISEASES	0.357976653696498	0.67770297029703	0.096240602328129	0.365242580407877	1.07510600494956	27	c("EGR1", "PRNP", "LAMC1")
55	KEGG_PEROXISOME	0.311567164179104	0.604768786127168	0.102080107662747	0.30201040006045	1.07496715446091	65	c("FAR2", "MPV17L", "ACSL3", "ABCD3", "SOD2", "IDH2", "PEX16", "ACSL1", "GSTK1", "PEX3", "ECH1", "ACOX1", "DHRS4", "HSD17B4", "EPHX2", "EHHADH", "SLC27A2", "ACSL5", "PEX1", "ABCD4", "PXMP4")
56	KEGG_NUCLEOTIDE_EXCISION_REPAIR	0.373814041745731	0.683343653250774	0.0922597260527354	0.33487806250701	1.05691898691552	35	c("RPA2", "LIG1", "POLD2", "ERCC2", "XPC", "ERCC3", "CDK7", "RAD23B", "ERCC1", "XPA", "POLD3", "RPA1", "CCNH", "POLD1", "DDB1", "RFC3", "ERCC6", "POLE3")
57	KEGG_HEDGEHOG_SIGNALING_PATHWAY	0.413861386138614	0.723595268272074	0.0888945288620449	0.352222853107009	1.04511781129719	28	c("WNT10B", "WNT1", "PTCH1", "BMP2", "WNT2", "PTCH2", "WNT9B")
58	KEGG_SULFUR_METABOLISM	0.428861788617886	0.731819198925934	0.0883594442500905	0.48888085821942	1.04110720714658	7	c("SULT1A1", "CHST12")
59	KEGG_BASE_EXCISION_REPAIR	0.420152091254753	0.723595268272074	0.0857844408075645	0.366371496340022	1.03050198596851	22	c("PARP2", "UNG", "FEN1", "LIG1", "POLD2", "POLD3", "APEX1", "POLD1", "NEIL2", "NEIL1")
60	KEGG_REGULATION_OF_ACTIN_CYTOSKELETON	0.391554702495202	0.693611187277214	0.0902635484340068	0.254905671458903	1.02860195563761	131	c("BAIAP2", "CD14", "MYL9", "PDGFRA", "FGFR1", "ITGA7", "EGFR", "ITGA10", "FGF21", "SSH2", "WASL", "RRAS", "CFL2", "PDGFB", "MYH10", "INSRR", "BCAR1", "ITGA3", "ITGA2B", "VCL", "ITGA6", "PDGFRB", "VAV2", "ACTN4", "KRAS", "FGFR2", "ARHGAP35")
61	KEGG_VASCULAR_SMOOTH_MUSCLE_CONTRACTION	0.381852551984877	0.689558977370749	0.0908241419007155	0.284467883992753	1.02373927951875	69	c("ACTA2", "MYL9", "ADRA1A", "PTGIR", "NPR2", "PLCB1", "PLA2G6", "ADCY8", "ACTG2", "PRKCH", "GNA11", "ADCY1", "ITPR3", "PRKCD")
62	KEGG_PHENYLALANINE_METABOLISM	0.44578313253012	0.742297482837528	0.0855356947987884	0.401662084936537	1.02256832371602	14	c("GOT1", "PAH", "MAOB", "ALDH1A3", "GOT2", "HPD")
63	KEGG_GLYCOSAMINOGLYCAN_BIOSYNTHESIS_KERATAN_SULFATE	0.451676528599605	0.742297482837528	0.0838361057159929	0.444214108675528	1.01331827004488	9	c("CHST2", "B3GNT2", "ST3GAL3", "B4GAT1", "B4GALT4")
64	KEGG_GLYCOSAMINOGLYCAN_DEGRADATION	0.450097847358121	0.742297482837528	0.0835990603684159	0.386383746137807	1.00962083491467	16	c("HEXA", "NAGLU", "GNS", "GLB1", "HEXB", "GUSB", "SGSH")
65	KEGG_ADHERENS_JUNCTION	0.444649446494465	0.742297482837528	0.0810802057550866	0.294651754821216	1.0089388165912	52	c("BAIAP2", "FGFR1", "EGFR", "WASL", "SSX2IP", "PARD3", "PTPRJ", "VCL", "ACTN4", "CSNK2B", "IGF1R", "CTNNA1", "MET", "ACTN1", "WASF2")
66	KEGG_NEUROTROPHIN_SIGNALING_PATHWAY	0.455407969639469	0.742297482837528	0.0813027345384498	0.265704118361724	1.00435525162593	93	c("IRS2", "JUN", "FOXO3", "SH2B2", "NFKBIA", "TRAF6", "NTRK1", "PSEN1", "PLCG1", "GAB1", "NFKBIB", "KRAS", "SH2B3", "PRKCD")
67	KEGG_VASOPRESSIN_REGULATED_WATER_REABSORPTION	0.495126705653021	0.787124506422752	0.0782955249944794	0.320352961423549	0.986216499864704	32	c("AQP3", "DYNC2H1", "NSF", "VAMP2", "GNAS", "ARHGDIB", "CREB3L3", "RAB11B", "DCTN1", "DYNC1H1")
68	KEGG_PARKINSONS_DISEASE	0.468283582089552	0.750868502316006	0.0789209638180035	0.27706737209092	0.986185656225495	65	c("UBE2G2", "UBB", "ATP5F1A", "NDUFV3", "COX6B1", "COX4I1", "VDAC2", "SLC25A4", "CYC1", "COX5A", "UQCR11", "NDUFB7", "NDUFB9", "NDUFS7", "SDHB", "NDUFV2", "UQCRFS1", "NDUFS8", "UQCRC1", "NDUFS1", "NDUFA8", "NDUFS3", "NDUFA9", "UBA1", "SDHC", "PARK7", "NDUFB6", "NDUFB8", "COX7A2")
69	KEGG_LYSINE_DEGRADATION	0.506743737957611	0.792091254752852	0.0764767053228531	0.313111891925894	0.973193793055439	34	c("SETDB2", "ALDH1B1", "PLOD1", "OGDH", "SETD1A", "BBOX1", "EHHADH", "PLOD2", "AADAT", "PLOD3")
70	KEGG_INSULIN_SIGNALING_PATHWAY	0.532319391634981	0.792091254752852	0.0732558655828455	0.254728001396597	0.967504778284265	97	c("IRS2", "PPARGC1A", "PCK1", "PYGL", "PYGB", "PKLR", "SH2B2", "SREBF1", "FOXO1", "PRKAB2", "TRIP10", "PCK2", "GYS2", "EIF4EBP1", "PDE3A", "KRAS", "TSC2", "RHOQ", "FBP1")
71	KEGG_ACUTE_MYELOID_LEUKEMIA	0.514231499051233	0.792091254752852	0.0749278818393739	0.291932333764558	0.966013299352777	45	c("MYC", "ZBTB16", "JUP", "EIF4EBP1", "KRAS", "PIM2")
72	KEGG_ASCORBATE_AND_ALDARATE_METABOLISM	0.520325203252033	0.792091254752852	0.0778840111977068	0.448506420280023	0.95512691641421	7	c("ALDH1B1", "UGT1A1", "ALDH2", "ALDH7A1")
73	KEGG_PORPHYRIN_AND_CHLOROPHYLL_METABOLISM	0.539923954372624	0.797030599311968	0.0725351864394589	0.338877538478359	0.953169064435	22	c("ALAS2", "ALAS1", "COX10", "HMOX2", "UGT1A1", "HCCS", "GUSB")
74	KEGG_SMALL_CELL_LUNG_CANCER	0.564971751412429	0.824251575630252	0.0697792517076235	0.269604613514123	0.944854877750173	60	c("MYC", "LAMA2", "LAMB2", "NFKBIA", "TRAF6", "LAMA5", "LAMC1", "E2F2", "ITGA3", "ITGA2B", "ITGA6")
75	KEGG_CALCIUM_SIGNALING_PATHWAY	0.617702448210923	0.870398904297209	0.0653834195468773	0.255679507267911	0.931607669799149	74	c("PLCD3", "PDGFRA", "EDNRB", "ADRA1A", "EGFR", "GNA15", "PLCB1", "PPP3CC", "ADCY8", "ATP2A1", "PLCG1", "PPP3CA", "PDGFRB", "GNA11", "ADCY1", "ITPR3", "PLCD1", "VDAC2", "SLC25A4")
76	KEGG_ENDOMETRIAL_CANCER	0.576779026217228	0.831634875010887	0.0684714904492087	0.285912440841141	0.926610964386166	41	c("MYC", "FOXO3", "EGFR")
77	KEGG_HUNTINGTONS_DISEASE	0.662878787878788	0.893445322793149	0.062249042949858	0.233749895101665	0.910046566078356	108	c("PPARGC1A", "SOD2", "TAF4", "PLCB1", "ATP5F1A", "TGM2", "BBC3", "NDUFV3", "COX6B1", "COX4I1", "VDAC2", "SLC25A4", "AP2A1", "CYC1", "COX5A", "UQCR11", "NDUFB7", "NDUFB9", "NDUFS7", "SDHB", "NDUFV2", "CREB3L3", "UQCRFS1", "NDUFS8", "UQCRC1", "DCTN1", "NDUFS1", "NDUFA8", "NDUFS3", "NDUFA9", "SDHC", "NDUFB6", "NDUFB8", "COX7A2", "DNAL4", "POLR2F")
78	KEGG_TYROSINE_METABOLISM	0.631878557874763	0.872222222222222	0.0646484568421928	0.311319837372222	0.894690975138596	24	c("TPO", "GOT1", "MAOB", "ALDH1A3", "GOT2", "HPD", "FAH", "COMT")
79	KEGG_COLORECTAL_CANCER	0.699432892249527	0.915148448043185	0.0596037042575973	0.260961817541051	0.866857238891274	46	c("MYC", "JUN")
80	KEGG_ALZHEIMERS_DISEASE	0.777566539923954	0.946687370600414	0.0549073703290958	0.224856182259131	0.855970402186823	98	c("LPL", "PLCB1", "PPP3CC", "APOE", "ATP5F1A", "PSEN1", "ATP2A1", "PPP3CA", "NDUFV3", "COX6B1", "ITPR3", "BACE2", "NCSTN", "COX4I1", "APP", "CYC1", "COX5A", "UQCR11", "NDUFB7", "NDUFB9", "NDUFS7", "SDHB", "NDUFV2", "UQCRFS1", "NDUFS8", "UQCRC1", "NDUFS1", "NDUFA8", "NDUFS3", "PSEN2", "NDUFA9", "SDHC", "NDUFB6", "NDUFB8", "COX7A2", "BAD", "ATF6", "SDHA")
81	KEGG_PROSTATE_CANCER	0.786389413988658	0.946687370600414	0.0541200569620232	0.233037188474877	0.838651168918683	69	c("CDKN1A", "PDGFRA", "FGFR1", "EGFR", "NFKBIA", "FOXO1", "HSP90AB1", "E2F2", "PDGFB", "INSRR", "PDGFRB", "KRAS", "FGFR2", "IGF1R", "PDGFA", "E2F3", "IKBKB", "CREB3L3", "TGFA", "GRB2")
82	KEGG_ENDOCYTOSIS	0.829745596868884	0.946826263911733	0.0532386494755899	0.208195746964309	0.838131059885909	133	c("RAB11FIP5", "DNM1", "PDGFRA", "EGFR", "MVB12B", "TRAF6", "NTRK1", "ASAP2", "LDLRAP1", "VPS37B", "PARD6G", "EPN2", "PARD3", "HSPA2", "GRK5", "SMAP1", "FGFR2", "GRK4", "IGF1R", "AP2A1", "HSPA1L", "AGAP1", "FLT1", "HSPA8", "MET", "CBLB", "RAB31", "CHMP1B", "RAB11B", "EHD2", "EHD3")
83	KEGG_TRYPTOPHAN_METABOLISM	0.728346456692913	0.927893431129328	0.0596037042575973	0.273916679130403	0.835737732093406	31	c("ALDH1B1", "CYP1B1", "MAOB", "OGDH", "CYP1A2", "TDO2", "EHHADH", "AADAT")
84	KEGG_ONE_CARBON_POOL_BY_FOLATE	0.708502024291498	0.915148448043185	0.062249042949858	0.336652596014438	0.818865099245992	12	c("FTCD", "SHMT1", "MTHFD1", "DHFR", "ATIC")
85	KEGG_MELANOMA	0.808349146110057	0.946687370600414	0.0530212512043078	0.243782441100301	0.806683785981387	45	c("CDKN1A", "PDGFRA", "FGFR1", "EGFR", "FGF21", "E2F2", "PDGFB", "MITF", "PDGFRB", "KRAS")
86	KEGG_GLYCEROPHOSPHOLIPID_METABOLISM	0.803435114503817	0.946687370600414	0.0535669384770951	0.243548229050146	0.801298576924345	44	c("GPD2", "PHOSPHO1", "DGKH", "ACHE", "PLA2G6", "CHKB", "PEMT", "CHPT1", "MBOAT7", "PTDSS1", "PLA2G12B", "GPD1L", "AGPAT3")
87	KEGG_LONG_TERM_POTENTIATION	0.837786259541985	0.950172221187861	0.05163559644842	0.237134106836717	0.780195458983868	44	c("PLCB1", "PPP3CC", "ADCY8", "PPP3CA", "ADCY1", "ITPR3", "KRAS")
88	KEGG_GLYCOSPHINGOLIPID_BIOSYNTHESIS_LACTO_AND_NEOLACTO_SERIES	0.72635814889336	0.927893431129328	0.0607719451853533	0.344504824922297	0.762237268947658	8	c("B3GNT2", "ST3GAL3", "B4GAT1", "ST3GAL4", "B4GALT4")
89	KEGG_GLYCOSAMINOGLYCAN_BIOSYNTHESIS_HEPARAN_SULFATE	0.795180722891566	0.946687370600414	0.0564118388217596	0.299264732003709	0.761880811828948	14	c("EXT1", "EXTL1", "XYLT2", "HS2ST1")
90	KEGG_EPITHELIAL_CELL_SIGNALING_IN_HELICOBACTER_PYLORI_INFECTION	0.869565217391304	0.967263427109975	0.0494904866135495	0.228592806940398	0.759334569792333	46	c("JUN", "EGFR", "NFKBIA", "HBEGF", "ATP6V0A1", "PLCG1", "ATP6V1B2", "JAM3", "MET", "IKBKB", "ATP6AP1", "MAPK9", "MAPK13", "ATP6V1D", "ATP6V1H", "JAM2", "RAC1", "ATP6V0E1", "ATP6V0D1", "LYN")
91	KEGG_ARACHIDONIC_ACID_METABOLISM	0.782778864970646	0.946687370600414	0.0559428593065705	0.286330552031885	0.748181811200996	16	c("CBR3", "PLA2G6", "GPX4", "CYP2E1", "PLA2G12B", "EPHX2")
92	KEGG_LIMONENE_AND_PINENE_DEGRADATION	0.783037475345168	0.946687370600414	0.0562940749700968	0.322373222717936	0.735381137099235	9	c("ALDH1B1", "EHHADH", "ALDH2", "ALDH7A1", "HADHA")
93	KEGG_PURINE_METABOLISM	0.967863894139887	0.992125984251969	0.0445961615888961	0.18913988203435	0.73299263956412	106	c("ADCY10", "PKLR", "NPR2", "PPAT", "ADCY8", "PDE4A", "NT5C", "PDE10A", "ADCY1", "PDE3A", "POLD2", "IMPDH1", "ADK", "PDE5A", "ENTPD6", "APRT", "POLR3G", "ENPP1", "POLD3", "POLR1E", "POLR3H", "ENTPD8", "NME7", "POLD1", "POLR1B", "POLA1", "PRPS2")
94	KEGG_SPLICEOSOME	0.979007633587786	0.992125984251969	0.0445070537769277	0.19081385123733	0.726783539224732	99	c("SRSF5", "SNRNP200", "HNRNPA1", "RBM17", "HSPA2", "DDX5", "RBM22", "DHX38", "WBP11", "EFTUD2", "XAB2", "SMNDC1", "DDX39B", "SF3A1", "SF3B1", "HSPA1L", "HSPA8", "SART1", "SLU7", "SF3B4", "PRPF31", "RBM8A", "SYF2", "SF3B2", "DDX46")
95	KEGG_FOLATE_BIOSYNTHESIS	0.815789473684211	0.946687370600414	0.0555947097758869	0.338472390538826	0.689852942953744	6	c("FPGS", "DHFR")
96	KEGG_RIBOSOME	0.966789667896679	0.992125984251969	0.0435378240914002	0.191343919270846	0.658031367146526	54	c("UBA52", "RPL35", "RPL18", "RPL36", "RPL34", "RPS11", "RPL24", "RPSA", "RPL12", "RPS15", "RPL14", "RPL7A", "RPS9", "RPS18", "RPL32", "RPL37A", "RPS13", "RPS10", "RPS28", "FAU", "RPL21", "RPL13", "RPS5", "RPL5", "RPS4X")
97	KEGG_PANTOTHENATE_AND_COA_BIOSYNTHESIS	0.880566801619433	0.967263427109975	0.0520570030732099	0.269580060208163	0.655719591562663	12	c("COASY", "DPYD", "ENPP1", "PANK4", "UPB1")
98	KEGG_VIBRIO_CHOLERAE_INFECTION	0.929924242424242	0.992125984251969	0.0465084048719156	0.203241303339663	0.652303088831298	37	c("CFTR", "SLC12A2", "ATP6V0A1", "PLCG1", "ATP6V1B2", "GNAS", "ATP6AP1", "SEC61G", "ATP6V1D", "ATP6V1H", "ATP6V0E1", "ATP6V0D1", "ATP6V1C1", "ADCY9", "PRKACA")
99	KEGG_RIBOFLAVIN_METABOLISM	0.904858299595142	0.983500611995104	0.0508054139066364	0.261771457630664	0.636726147875326	12	c("ACP5", "ACP6", "ENPP1")
100	KEGG_VALINE_LEUCINE_AND_ISOLEUCINE_BIOSYNTHESIS	0.882591093117409	0.967263427109975	0.0519512476197082	0.305371444042749	0.622388694781178	6	c("VARS2", "PDHA1", "PDHB", "BCAT2")
101	KEGG_AMINOACYL_TRNA_BIOSYNTHESIS	0.941509433962264	0.992125984251969	0.04577044581081	0.217781008646641	0.608901526143816	21	c("VARS2", "FARSA", "SARS2", "DARS2")
102	KEGG_GLYCOSYLPHOSPHATIDYLINOSITOL_GPI_ANCHOR_BIOSYNTHESIS	0.961977186311787	0.992125984251969	0.0451344222209097	0.205995417646447	0.586242195993349	23	c("PIGM", "PIGH", "PIGO", "PIGS", "PIGB", "PIGY", "PIGA", "PIGQ")
103	KEGG_SELENOAMINO_ACID_METABOLISM	0.973128598848369	0.992125984251969	0.0450442767152794	0.208862555382249	0.560121083194559	18	c("AHCY", "CBS", "MAT2B")
104	KEGG_GLUTATHIONE_METABOLISM	0.992125984251969	0.992125984251969	0.0453152441270267	0.158463213933671	0.483481646512335	31	c("IDH2", "GPX4", "GSTK1", "GSTM3")
105	KEGG_RNA_POLYMERASE	0.985294117647059	0.992125984251969	0.0486034247259069	-0.186640115858074	-0.52880934768259	22	c("POLR3K", "POLR3B", "POLR2D", "POLR3D", "POLR2H", "POLR2G", "POLR1A", "POLR1D", "POLR2L", "POLR2K", "POLR2B", "POLR2J", "POLR3C", "POLR2I", "POLR1C", "POLR3A", "POLR2F", "POLR3F", "POLR1B", "POLR3H", "POLR1E", "POLR3G")
106	KEGG_BASAL_TRANSCRIPTION_FACTORS	0.989495798319328	0.992125984251969	0.0484087618816951	-0.186325501061007	-0.531038215288442	23	c("GTF2E1", "TBPL1", "TAF12", "TBP", "GTF2A1", "GTF2E2", "TAF5")
107	KEGG_RENIN_ANGIOTENSIN_SYSTEM	0.968253968253968	0.992125984251969	0.046788296531803	-0.226097783906881	-0.545194751434394	11	c("ACE2", "AGTR1", "LNPEP")
108	KEGG_PROPANOATE_METABOLISM	0.972916666666667	0.992125984251969	0.0487989701682839	-0.189424231325973	-0.555869969269172	25	ACSS1
109	KEGG_REGULATION_OF_AUTOPHAGY	0.933471933471933	0.992125984251969	0.0506004243853618	-0.230777749929567	-0.620712282850056	18	c("PRKAA2", "ATG4D", "ATG4B", "PRKAA1", "ULK3", "ATG4C", "ULK2")
110	KEGG_RNA_DEGRADATION	0.916142557651992	0.984985640018904	0.0518457624865066	-0.217755198005297	-0.698146677974889	38	c("MPHOSPH6", "EXOSC6", "PAPOLA", "CNOT2", "LSM7", "DIS3", "LSM6", "CNOT3", "LSM5", "C1D", "EXOSC3", "EXOSC7", "PNPT1", "EDC3", "LSM1")
111	KEGG_NICOTINATE_AND_NICOTINAMIDE_METABOLISM	0.819444444444444	0.946687370600414	0.0544555953940371	-0.278951417605764	-0.718319689750086	14	c("CD38", "NAMPT")
112	KEGG_GLYCOSPHINGOLIPID_BIOSYNTHESIS_GANGLIO_SERIES	0.813725490196078	0.946687370600414	0.0542315935495841	-0.340649809040494	-0.721883724550854	7	c("ST3GAL5", "ST3GAL1")
113	KEGG_N_GLYCAN_BIOSYNTHESIS	0.884057971014493	0.967263427109975	0.0529129848430583	-0.230539697611461	-0.725304136692583	34	c("MOGS", "STT3B", "ST6GAL1", "DPM2", "ALG2", "ALG11", "ALG10B", "RPN1", "MAN1B1", "DOLPP1", "ALG12", "MAN1A1", "ALG6", "MGAT4B")
114	KEGG_DRUG_METABOLISM_OTHER_ENZYMES	0.825	0.946826263911733	0.0564118388217596	-0.255765263287119	-0.750549325439119	25	c("CDA", "TYMP", "NAT2", "UCK1", "ITPA", "UGT2A3")
115	KEGG_INOSITOL_PHOSPHATE_METABOLISM	0.85042735042735	0.958663558663559	0.0561766586307176	-0.233128037604252	-0.766118232493798	43	c("PLCB2", "PIK3CG", "PIK3CD", "IMPA1", "PIP4K2A", "PLCE1", "PIK3CA", "PTEN", "PLCB4", "PIK3CB", "INPPL1", "INPP5E", "PIK3C2A")
116	KEGG_TIGHT_JUNCTION	0.909473684210526	0.983500611995104	0.0523759084097997	-0.20763121466458	-0.768948840768729	82	c("AKT3", "CLDN2", "GNAI1", "CLDN15", "PRKCI", "CLDN10", "OCLN", "YES1", "RRAS2", "TJP2", "CRB3")
117	KEGG_DRUG_METABOLISM_CYTOCHROME_P450	0.801217038539554	0.946687370600414	0.0565299525056311	-0.254086917001485	-0.776267281522466	30	c("ALDH3A1", "ALDH3B1", "ADH4")
118	KEGG_OOCYTE_MEIOSIS	0.866952789699571	0.967263427109975	0.0554793308704233	-0.217038326355143	-0.779107843855404	71	c("PGR", "ADCY5")
119	KEGG_VALINE_LEUCINE_AND_ISOLEUCINE_DEGRADATION	0.79746835443038	0.946687370600414	0.0585937568945671	-0.251096657967003	-0.799264469134393	37	HMGCS1
120	KEGG_RENAL_CELL_CARCINOMA	0.773913043478261	0.946687370600414	0.0614364107201271	-0.239182268901935	-0.818503990528651	52	c("AKT3", "PIK3CG", "PAK1", "PIK3CD", "VEGFB", "PAK4")
121	KEGG_PROTEIN_EXPORT	0.704545454545455	0.915148448043185	0.0635007968065945	-0.295923626396782	-0.81931130191691	20	c("IMMP1L", "SPCS2", "SRP14", "SRP9", "SEC11A", "SEC61B", "SEC61A2", "HSPA5")
122	KEGG_PHOSPHATIDYLINOSITOL_SIGNALING_SYSTEM	0.743478260869565	0.934371327849589	0.0633597010643758	-0.244200849885321	-0.835678041851732	52	c("PLCB2", "PIK3CG", "PIK3CD", "IMPA1", "PIP4K2A", "DGKA", "PLCE1", "PIK3CA", "INPP5D", "PTEN", "DGKQ", "PLCB4", "PIK3CB", "INPPL1", "PRKCB", "INPP5E", "PIK3C2A", "CALM2")
123	KEGG_CHRONIC_MYELOID_LEUKEMIA	0.739406779661017	0.934371327849589	0.0623861492893626	-0.241835977611782	-0.844255554157344	56	c("AKT3", "CDK6", "PIK3CG", "PIK3CD", "NFKB1", "IKBKG", "HDAC2", "PIK3CA", "CCND1", "CRKL", "SMAD3", "AKT2", "SOS1", "PIK3CB", "CDK4", "HDAC1", "SHC1", "MAPK3", "PTPN11", "CRK", "BRAF", "MECOM", "TP53", "CHUK")
124	KEGG_GLIOMA	0.700836820083682	0.915148448043185	0.0643583367917361	-0.250113959249313	-0.845270747312075	47	c("AKT3", "CDK6", "PIK3CG", "PIK3CD", "PIK3CA", "CCND1", "IGF1", "PTEN", "AKT2", "SOS1", "PIK3CB", "CDK4", "PRKCB", "SHC1", "CALM2", "MAPK3", "BRAF", "TP53")
125	KEGG_NON_HOMOLOGOUS_END_JOINING	0.676171079429735	0.904804465999502	0.0647943366000727	-0.367536420266905	-0.856424823080301	10	c("LIG4", "NHEJ1", "PRKDC", "POLL", "RAD50")
126	KEGG_AMINO_SUGAR_AND_NUCLEOTIDE_SUGAR_METABOLISM	0.701863354037267	0.915148448043185	0.0637845390312975	-0.274049893596063	-0.862192167096454	34	c("GCK", "NANP", "GFPT1", "NPL", "FPGT", "GMPPB", "GNPNAT1")
127	KEGG_BETA_ALANINE_METABOLISM	0.650526315789474	0.88969040247678	0.0683110858318647	-0.317401229079448	-0.864216980729314	19	CNDP1
128	KEGG_GLYCOSAMINOGLYCAN_BIOSYNTHESIS_CHONDROITIN_SULFATE	0.623762376237624	0.872222222222222	0.0673623868166279	-0.34577492529236	-0.875680953053183	13	c("CSGALNACT2", "CHST13", "B4GALT7", "CHSY3")
129	KEGG_ETHER_LIPID_METABOLISM	0.633064516129032	0.872222222222222	0.0675188953767744	-0.3296158503755	-0.877699108685241	17	c("PLA2G4A", "PLD1", "LPCAT2", "AGPS")
130	KEGG_ANTIGEN_PROCESSING_AND_PRESENTATION	0.655935613682093	0.890540322225323	0.0656813601934011	-0.294222889818073	-0.883495592961272	28	c("CIITA", "NFYA", "HSPA4", "PSME2", "TAP1", "CREB1", "B2M", "CTSS")
131	KEGG_PYRIMIDINE_METABOLISM	0.591489361702128	0.839824589897677	0.0736212741014394	-0.252377943098885	-0.913748302550851	73	c("CDA", "CMPK2", "UPRT", "NME6", "TYMP", "POLR3K", "POLE4", "ENTPD1", "POLR3B", "UCK1", "PRIM1", "CAD", "ITPA", "NUDT2", "CTPS2", "POLR2D", "CTPS1")
132	KEGG_VIRAL_MYOCARDITIS	0.587525150905433	0.839824589897677	0.0711327399327894	-0.304789888225563	-0.915226287094615	28	c("CASP3", "CD80", "CD40", "DMD", "RAC2", "CASP9", "CCND1", "DAG1")
133	KEGG_METABOLISM_OF_XENOBIOTICS_BY_CYTOCHROME_P450	0.567226890756303	0.824251575630252	0.0751181635276301	-0.324705155346611	-0.925428055785896	23	c("ALDH3A1", "ALDH3B1", "ADH4")
134	KEGG_GLYOXYLATE_AND_DICARBOXYLATE_METABOLISM	0.526732673267327	0.792091254752852	0.0758886900606117	-0.369974551932422	-0.936966924272128	13	c("HAO2", "AFMID", "HAO1")
135	KEGG_NON_SMALL_CELL_LUNG_CANCER	0.515856236786469	0.792091254752852	0.080419996876154	-0.283535348119744	-0.952010360402412	46	c("AKT3", "CDK6", "PIK3CG", "PIK3CD", "CASP9", "PIK3CA", "CCND1", "AKT2", "SOS1", "STK4", "PIK3CB", "CDK4", "PRKCB", "MAPK3", "BRAF", "TP53")
136	KEGG_LINOLEIC_ACID_METABOLISM	0.521653543307087	0.792091254752852	0.0760837160951725	-0.473884854186948	-0.960468589843527	6	PLA2G4A
137	KEGG_BUTANOATE_METABOLISM	0.529411764705882	0.792091254752852	0.0787113806986485	-0.337579401688128	-0.962120385936369	23	HMGCS1
138	KEGG_TYPE_II_DIABETES_MELLITUS	0.458947368421053	0.742297482837528	0.0865399737444125	-0.346208591094914	-1.00069190234201	24	c("GCK", "SOCS2", "PIK3CG", "PIK3CD")
139	KEGG_LEUKOCYTE_TRANSENDOTHELIAL_MIGRATION	0.418604651162791	0.723595268272074	0.0919686140000427	-0.282060275745139	-1.00893283578905	69	c("CLDN2", "GNAI1", "ITGA4", "CXCL12", "PIK3CG", "PIK3CD", "CLDN15", "RAC2", "CLDN10", "OCLN", "VCAM1")
140	KEGG_LONG_TERM_DEPRESSION	0.360587002096436	0.67770297029703	0.10027910675413	-0.328386668975304	-1.05284311987249	38	c("PLA2G4A", "GNAI1", "PLCB2")
141	KEGG_HISTIDINE_METABOLISM	0.374736842105263	0.683343653250774	0.0982123351217438	-0.368579064896161	-1.06535220413771	24	c("CNDP1", "ALDH3A1", "ALDH3B1")
142	KEGG_MATURITY_ONSET_DIABETES_OF_THE_YOUNG	0.364356435643564	0.67770297029703	0.096240602328129	-0.424747582044111	-1.07568056630172	13	c("GCK", "FOXA3", "ONECUT1", "HNF4G")
143	KEGG_FC_EPSILON_RI_SIGNALING_PATHWAY	0.294871794871795	0.604768786127168	0.114266502484433	-0.324019331220162	-1.1003568502395	50	c("PLA2G4A", "AKT3", "BTK", "PIK3CG", "SYK", "PIK3CD", "RAC2", "LCP2", "PIK3CA", "INPP5D")
144	KEGG_JAK_STAT_SIGNALING_PATHWAY	0.270386266094421	0.591668770512497	0.120433371642259	-0.313144783434974	-1.10685574289263	63	c("AKT3", "SOCS2", "STAT2", "IL11RA", "IL10RA", "PIK3CG", "STAT1", "PIK3CD", "IL2RG", "CSF3R", "SOCS5", "CCND2", "PIAS1", "IL13RA1", "GHR", "PIK3CA", "SPRED1", "JAK3", "CCND1", "IL22RA1", "PIAS4")
145	KEGG_SNARE_INTERACTIONS_IN_VESICULAR_TRANSPORT	0.29718875502008	0.604768786127168	0.109684061970549	-0.365900080168135	-1.11138435236222	29	c("STX7", "VAMP5", "BET1", "STX4", "SNAP23", "VAMP8", "GOSR1", "BNIP1", "STX2", "VAMP7")
146	KEGG_ALPHA_LINOLENIC_ACID_METABOLISM	0.362745098039216	0.67770297029703	0.0959206777921745	-0.524714852159936	-1.11194282736069	7	PLA2G4A
147	KEGG_LEISHMANIA_INFECTION	0.283400809716599	0.599006256900994	0.11331290842208	-0.36190589274456	-1.11459753985795	31	c("ITGA4", "MYD88", "IL1B", "STAT1", "TLR4", "NFKB1")
148	KEGG_MTOR_SIGNALING_PATHWAY	0.230769230769231	0.544403862510632	0.131457611642763	-0.352196405604462	-1.14361723159599	41	c("AKT3", "PIK3CG", "PIK3CD", "VEGFB", "PRKAA2", "PIK3CA", "EIF4E", "RPS6KA3", "IGF1", "PRKAA1", "ULK3", "AKT2", "PIK3CB", "ULK2", "MAPK3", "MLST8", "BRAF")
149	KEGG_ASTHMA	0.303462321792261	0.604768786127168	0.109250039480711	-0.76718569572651	-1.16102424091004	2	CD40
150	KEGG_HEMATOPOIETIC_CELL_LINEAGE	0.223340040241449	0.53949672058324	0.129442887745046	-0.393424952736687	-1.18138059251197	28	c("ITGA4", "IL11RA", "CD38", "IL1B", "ITGA5", "CSF3R", "GP5", "CSF1", "THPO")
151	KEGG_PPAR_SIGNALING_PATHWAY	0.206315789473684	0.529941980936593	0.13880510939114	-0.355089138591738	-1.18804439090714	45	c("CYP7A1", "FABP5", "FABP7", "FABP1", "FABP3")
152	KEGG_VEGF_SIGNALING_PATHWAY	0.199579831932773	0.524963007617691	0.141225119642531	-0.352363973738029	-1.19605376714592	48	c("PLA2G4A", "AKT3", "PIK3CG", "PIK3CD", "NFATC2", "RAC2", "CASP9")
153	KEGG_O_GLYCAN_BIOSYNTHESIS	0.216535433070866	0.529941980936593	0.130105630751129	-0.493768336326989	-1.2276525362607	12	c("GALNT16", "ST3GAL1", "GALNT11", "GALNT10", "GALNT3")
154	KEGG_NOD_LIKE_RECEPTOR_SIGNALING_PATHWAY	0.184265010351967	0.517581583607387	0.14641623786055	-0.390243561934665	-1.22775067687427	34	c("CASP1", "CCL8", "IL1B", "CCL5", "NFKB1", "IKBKG", "NOD2", "IL18", "PYCARD")
155	KEGG_AMYOTROPHIC_LATERAL_SCLEROSIS_ALS	0.192697768762677	0.519446159273305	0.141225119642531	-0.402774076868014	-1.23052513450044	30	c("CASP1", "TOMM40L", "CASP3", "MAP3K5", "ALS2", "SLC1A2", "CASP9")
156	KEGG_BIOSYNTHESIS_OF_UNSATURATED_FATTY_ACIDS	0.179226069246436	0.517581583607387	0.147331213699377	-0.488674793104278	-1.26157227807846	15	c("ELOVL2", "BAAT", "FADS1", "YOD1", "HSD17B12", "HACD1")
157	KEGG_T_CELL_RECEPTOR_SIGNALING_PATHWAY	0.130901287553648	0.419786887672044	0.179782316298324	-0.35927776734016	-1.27087286946234	65	c("AKT3", "PTPRC", "CARD11", "RASGRP1", "PIK3CG", "PAK1", "PIK3CD", "NFATC2", "NFKB1", "PAK4", "IKBKG", "NCK1", "LCP2", "MAP3K14", "PIK3CA")
158	KEGG_UBIQUITIN_MEDIATED_PROTEOLYSIS	0.102345415778252	0.359174478014241	0.204294756516886	-0.332679047970316	-1.2805655021067	101	c("UBE2L6", "MID1", "MAP3K1", "HERC1", "TRIM32", "UBE2W", "COP1", "PIAS1", "UBA7", "PML", "DET1", "RNF7", "HERC2", "CDC27", "CUL5", "PIAS4", "UBE2F", "CDC23", "KLHL13", "RBX1", "RCHY1", "DDB2", "UBE2R2", "UBE2Q2", "FBXW7", "TRIM37", "UBE2N", "KEAP1", "HUWE1", "UBE2E3", "BTRC", "UBA3", "WWP1", "CUL4B", "UBE2Z", "UBE2D1", "UBE2I", "UBE3C", "SKP2", "ANAPC10", "CUL2", "FBXO4", "ITCH", "CDC26", "UBE3A", "ANAPC2", "SAE1", "UBE2L3")
159	KEGG_FC_GAMMA_R_MEDIATED_PHAGOCYTOSIS	0.111578947368421	0.384327485380117	0.193813302725311	-0.363339812941431	-1.29748420782148	68	c("PLA2G4A", "AKT3", "PTPRC", "DNM3", "PIK3CG", "PAK1", "SYK", "PIK3CD", "ASAP3", "RAC2", "PLD1", "HCK", "LIMK1", "PIK3CA", "INPP5D", "WAS", "CRKL", "VAV1", "SPHK2", "AKT2", "ARPC5", "PIK3CB")
160	KEGG_NATURAL_KILLER_CELL_MEDIATED_CYTOTOXICITY	0.121019108280255	0.409264620729589	0.186432558434075	-0.372959391968586	-1.29768591641632	55	c("FAS", "CASP3", "PIK3CG", "PAK1", "SYK", "PIK3CD", "NFATC2", "RAC2", "LCP2", "PIK3CA", "PTK2B", "VAV1", "SOS1", "PIK3CB", "PRKCB", "SHC1", "MAPK3", "PTPN11", "BRAF", "TYROBP", "FCER1G", "NFAT5")
161	KEGG_RIG_I_LIKE_RECEPTOR_SIGNALING_PATHWAY	0.0928270042194093	0.338260331218078	0.213927855492356	-0.416050263401344	-1.324327434714	37	c("IRF7", "CXCL10", "MAP3K1", "NFKB1", "IKBKG", "CYLD", "TRADD", "MAVS", "DHX58", "TRIM25", "SIKE1", "FADD", "RIPK1")
162	KEGG_STEROID_HORMONE_BIOSYNTHESIS	0.156746031746032	0.477946916471507	0.156312403073186	-0.515450494228732	-1.32732158980884	14	c("CYP7A1", "SRD5A1", "AKR1D1")
163	KEGG_OLFACTORY_TRANSDUCTION	0.126272912423625	0.412048451066567	0.178219874951973	-0.574439701078818	-1.33854603853807	10	c("PDE1C", "GRK3", "PRKACB", "CALM2")
164	KEGG_PANCREATIC_CANCER	0.0826086956521739	0.338260331218078	0.231126709673834	-0.397656271982768	-1.36081678199186	52	c("AKT3", "CDK6", "PIK3CG", "STAT1", "PIK3CD", "VEGFB", "NFKB1", "IKBKG", "RAC2", "PLD1", "CASP9", "RALA", "PIK3CA", "CCND1")
165	KEGG_PROGESTERONE_MEDIATED_OOCYTE_MATURATION	0.0808510638297872	0.338260331218078	0.231126709673834	-0.390386912437512	-1.36453868810438	58	c("PGR", "AKT3", "GNAI1", "ADCY5", "PIK3CG", "PIK3CD")
166	KEGG_AUTOIMMUNE_THYROID_DISEASE	0.124752475247525	0.412048451066567	0.176694268938498	-0.707711174335783	-1.37644116524433	5	c("FAS", "CD80", "CD40")
167	KEGG_B_CELL_RECEPTOR_SIGNALING_PATHWAY	0.0336647870190175	0.217439148843784	0.321775918075361	-0.41424873642699	-1.42925756290139	54	c("AKT3", "CARD11", "BTK", "RASGRP3", "PIK3CG", "PIK3AP1", "SYK", "PIK3CD", "NFATC2", "NFKB1", "IKBKG", "RAC2")
168	KEGG_PROTEASOME	0.0545073375262055	0.289667565139263	0.282013350011725	-0.454151163658519	-1.43638854555216	36	c("PSMB9", "PSMB8", "PSMC6", "PSMD14", "PSME2", "PSMA4", "PSMA1", "PSMA2", "PSMC2", "PSMA3", "PSMD11", "PSMC3", "PSMA5", "PSMB2", "PSMD7", "PSMB6", "PSME1", "PSMB1", "PSMD1", "PSMD2", "PSMD6")
169	KEGG_SYSTEMIC_LUPUS_ERYTHEMATOSUS	0.0842105263157895	0.338260331218078	0.224966093540314	-0.529753481759214	-1.44240762981479	19	c("CD80", "CD40", "C8A", "TRIM21", "C4B", "C9")
170	KEGG_STEROID_BIOSYNTHESIS	0.0892857142857143	0.338260331218078	0.211400189384923	-0.566408966297411	-1.45854327048961	14	c("TM7SF2", "NSDHL", "MSMO1", "LSS", "SQLE", "CYP27B1")
171	KEGG_TOLL_LIKE_RECEPTOR_SIGNALING_PATHWAY	0.0372682333759903	0.23106304693114	0.321775918075361	-0.417544319233758	-1.4657002938197	59	c("AKT3", "IRF7", "TLR3", "CXCL10", "MYD88", "IL1B", "CD80", "PIK3CG", "CD40", "STAT1", "PIK3CD", "CCL5", "TLR4", "NFKB1", "IKBKG")
172	KEGG_CELL_ADHESION_MOLECULES_CAMS	0.0460892838525791	0.265040038899892	0.321775918075361	-0.437848097265369	-1.47013741899678	46	c("PTPRC", "CLDN2", "ITGA4", "CD274", "CD80", "CD40", "SELL", "SDC1", "CLDN15", "CLDN10", "OCLN", "VCAM1", "SIGLEC1")
173	KEGG_APOPTOSIS	0.0470232327080453	0.265040038899892	0.321775918075361	-0.421877040410665	-1.47460769027566	58	c("AKT3", "FAS", "MYD88", "CASP3", "IL1B", "PIK3CG", "PIK3CD", "NFKB1", "IKBKG", "TRADD", "CASP9", "IRAK3", "MAP3K14", "PIK3CA", "FADD", "RIPK1", "PRKACB", "AKT2", "TRAF2", "PIK3CB", "CASP7")
174	KEGG_CYTOKINE_CYTOKINE_RECEPTOR_INTERACTION	0.0263168612405231	0.188266776566819	0.352487857583619	-0.398328633094562	-1.47730091416292	83	c("INHBE", "INHBA", "CCR5", "LTB", "FAS", "CXCL10", "CXCL12", "IL11RA", "CCL8", "IL1B", "IL10RA", "CD40", "EDA2R", "IL2RG", "CCL5", "CSF3R", "VEGFB", "CSF1", "RELT", "IL13RA1", "INHBC", "GHR", "IL18", "TNFRSF14")
175	KEGG_CHEMOKINE_SIGNALING_PATHWAY	0.0197685053705962	0.167426783894135	0.352487857583619	-0.38182257433432	-1.48459191813977	106	c("AKT3", "CCR5", "STAT2", "GNAI1", "CXCL10", "FGR", "CXCL12", "CCL8", "PLCB2", "ADCY5", "PIK3CG", "PAK1", "STAT1", "PIK3CD", "CCL5", "PREX1", "GNGT2", "GRK3", "NFKB1", "GNB4", "IKBKG", "RAC2")
176	KEGG_PRIMARY_BILE_ACID_BIOSYNTHESIS	0.0669291338582677	0.325386114859799	0.245041785430996	-0.605342121048871	-1.50505760604086	12	c("CYP7A1", "AKR1D1", "BAAT", "CYP7B1")
177	KEGG_TAURINE_AND_HYPOTAURINE_METABOLISM	0.033901802776719	0.217439148843784	0.321775918075361	-0.859558171897558	-1.57403265967411	4	c("CSAD", "BAAT")
178	KEGG_TYPE_I_DIABETES_MELLITUS	0.0148134929768238	0.154885089852076	0.380730400722792	-0.845082358997514	-1.6436170419913	5	c("FAS", "IL1B", "CD80")
179	KEGG_NEUROACTIVE_LIGAND_RECEPTOR_INTERACTION	0.0128528469208925	0.154708560205707	0.380730400722792	-0.471609879900202	-1.64640209630176	56	c("FPR1", "P2RY4", "LPAR6", "S1PR1", "HTR1D", "PTGER4", "P2RX6", "CNR2", "THRB", "GALR1", "GPR35", "ADRB2", "ADRA1B", "APLNR", "GZMA", "CHRNA3", "GHR", "PTAFR", "GABRG1")
180	KEGG_COMPLEMENT_AND_COAGULATION_CASCADES	0.00993006887582668	0.153916067575313	0.380730400722792	-0.486508461213145	-1.65138981607399	48	c("SERPINA5", "FGG", "CFD", "FGB", "MBL2", "FGA", "C8A", "F8", "C4B", "KLKB1", "C9")
181	KEGG_INTESTINAL_IMMUNE_NETWORK_FOR_IGA_PRODUCTION	0.0133082632435017	0.154708560205707	0.380730400722792	-0.733404237331485	-1.66209995339869	9	c("ITGA4", "CXCL12", "CD80", "CD40")
182	KEGG_ALLOGRAFT_REJECTION	0.00334207368870148	0.103604284349746	0.431707695803346	-0.939712288245465	-1.72081178535027	4	c("FAS", "CD80", "CD40")
183	KEGG_GRAFT_VERSUS_HOST_DISEASE	0.00258334110954182	0.0961002892749559	0.431707695803346	-0.943541850831155	-1.72782452373055	4	c("FAS", "IL1B", "CD80")
184	KEGG_CYTOSOLIC_DNA_SENSING_PATHWAY	0.0121818147523318	0.154708560205707	0.380730400722792	-0.568964014154997	-1.72817043958693	29	c("IRF7", "CASP1", "CXCL10", "IL1B", "CCL5", "NFKB1", "IKBKG", "POLR3K", "MAVS", "ADAR", "IL18", "PYCARD", "RIPK1", "POLR3B")
185	KEGG_PRIMARY_IMMUNODEFICIENCY	0.00906503577769302	0.153281514059173	0.380730400722792	-0.705030532563482	-1.78550196537465	13	c("CIITA", "PTPRC", "BTK", "CD40", "IL2RG", "IKBKG", "TAP1", "JAK3")
186	KEGG_TERPENOID_BACKBONE_BIOSYNTHESIS	1.60160166980491e-05	0.00297897910583713	0.575610261071129	-0.862498208603435	-2.1444228708321	12	c("IDI1", "HMGCS1", "MVD", "FDPS", "HMGCR")
