"","a_SUMJUV20_1","a_SUMJUV20_2","a_SUMJUV20_3","a_SUMJUV20_4","a_SUMJUV20_5","FALLJUV20_1","FALLJUV20_2","FALLJUV20_3","FALLJUV20_4","WINTERJUV21_1","WINTERJUV21_2","WINTERJUV21_3","WINTERJUV21_4","WINTERJUV21_5","SPRINGAD21_1","SPRINGAD21_2","SPRINGAD21_3","SPRINGAD21_4","SPRINGAD21_5","SUMAD21_1","SUMAD21_2","SUMAD21_3","SUMAD21_4","SUMAD21_5"
"1-Methyl Adenosine","8220852","5525759","5374067","5114530","6376723","7229122","2860483","9256409","3761182","1629970","3150351","2435107","3644245","2938978","4492832","3988807","5436278","3413229","3665767","6424803","3536240","3427241","4539778","2680448"
"3-Hydroxy-2-methyl-4-pyrone","1711823"," 813263"," 360997"," 454903","1044458"," 327828"," 445813"," 723122"," 493529"," 111445"," 244234"," 290250"," 211637"," 491139"," 240659"," 211476"," 498666","  63985"," 207795"," 684266"," 181690"," 236483"," 875215","  92030"
"3-Methylhistidine","118948836","126305596"," 82629473"," 89395191"," 58066905","152061416"," 87925789","140830172"," 67321847"," 75843431","119580632","136690281"," 91101568"," 58370587","114833995","138437643","120382607"," 88835569","104763311","112926890","176308328","133676366","107374178"," 86919851"
"4-Hydroxyproline"," 3027213"," 3578912"," 3161369"," 2548759"," 2307953"," 5923208"," 2667953"," 3617112"," 2355888"," 2458125"," 2220157","16580574"," 2643989"," 1733865"," 2426708"," 3594413"," 2436171"," 2905827"," 6571368"," 3196082"," 4993209"," 2839306"," 2171037"," 1971406"
"7-Methylguanine","6101954","5174772","3456815","4972254","4375476","4868750","2460090","5482797","2984329","1689196","4660111","2738220","2809552","1867018","4174876","3268059","4621671","3419722","3965998","3644423","3042269","2643305","3058233","2557604"
"Adipic acid","5222293","3379162","4707220","6163986","1642255","8089923","1461566","2769917","7252072","1037944"," 878189","1488943"," 874817"," 827029","1141869","1229455","1763304","1742025"," 702753","1605263","1434902","1201974","1557584","1943360"
"Allantoin","32228365","16023569","14422209","18520366","13388439","19069403","13541267","19767754","18046127","10521928","15660738","17053321","10636313"," 6281827","14029578","13900453","13086880","13774261","15429043","17045905","16351161","12874357"," 9415934","13086307"
"Allopurinol","122541","127559"," 93149"," 74136"," 60228","186262","143025","152093","143573"," 73069","158270","178203","109621"," 67107","141716","142502","149689"," 98247","153537","209770","160045"," 93174","110285"," 99336"
"Arginine"," 8378086","  853936","12410172","13586862","11647907"," 4447568"," 8525622"," 3237874","17807442"," 9639179","10763568","13303824"," 6663936"," 6934523"," 6511986"," 3315917"," 1073654","12194936"," 4014747","10034878"," 3145428","  944408"," 3371503"," 8037149"
"Carnitine"," 697038929"," 800007895","1007246426"," 961230047"," 857056858","1402482088","1189692071","1038381145","1420456361","1050359461"," 916551750","1052688712"," 765930211"," 591010059","1498728717","1631150520","1273058412","1141886389","1324755366","1380010593","1320879699"," 954532884","1097229579","1000930151"
"Citric acid","113478790","108004634"," 24453161"," 49948574"," 25445030","164072874","130374156"," 71190470","136174982"," 16191506"," 46656248"," 34494975"," 42386939"," 79438492"," 56157916"," 27027459"," 87984771"," 17372208"," 33183758"," 25084602"," 25231944"," 61323721"," 32276703"," 19447855"
"Citrulline","3036641"," 746746","1042857","1426276","1018052","1406159","1198012"," 652808","1796749","1529070","1166961","1737105"," 817415"," 713493","1102561"," 956275"," 751810","1056669"," 798666","1231901","1078695","1278646"," 590802"," 951531"
"Cortisone"," 322674"," 510803","2382936","1195780"," 578639"," 122295"," 204790"," 304115","  25554","  66957"," 166142"," 206996"," 231847"," 247165"," 254938"," 163324"," 201945","  23937"," 106092","  95799"," 182133"," 291182","  24614","  21759"
"Cotinine"," 27550179"," 63773960"," 92619815"," 81264093"," 72274458"," 90223481","103520472","153209729"," 76617698","  4082009","103459582","109424453","114460516","128158047"," 65895148"," 64520903"," 64185821","128405843"," 83565786","153342995"," 94176388"," 93086687","152721798","161467071"
"Dodecanedioic acid"," 6929712","10702576"," 3382776"," 5860675"," 2664535","15393743"," 5428219"," 4492266"," 6217697"," 5157898"," 2442044"," 6519253"," 2292862"," 2473621"," 5348061"," 3816592"," 5419202"," 2716216"," 2225215"," 7158346"," 5523062"," 6491304"," 5343743"," 5046364"
"Galactonic acid","51111327","47215145","30918494","39372581","14143764","28109191","21243241","27114633","37259039"," 8062916","13117863","14359170","18372301","10580871","11827612"," 8532624","20615826"," 9249286","22050799"," 9697952","12912665","10987861","18431652","12371769"
"Glutamic acid","24184414","22705852","16228581","21918002","21270303","33555142","28803205","17479931","27498698","23153978","18529689","17163993","15676081","13164157","33706901","20899821","25239731","22385670","19481695","17885005","26003634","15996268","14736398","15099272"
"Glutathione disulfide","20192068","30982419","17299821","20252487","25030398","19574870"," 7042536"," 6664268","16393274","16615727","  445599"," 1624670","  285936","  556019"," 5135361"," 1530533"," 2149082"," 1637117"," 1281408"," 2586286","  656052"," 2105426","  122156","  179600"
"Hexadecanedioic acid","1779757","3392462"," 889436"," 812985"," 444339","2242568"," 472420"," 789564"," 559110"," 528542"," 185936"," 433060"," 239705"," 499685"," 483987"," 253914"," 829112"," 252826"," 252991"," 867054"," 535016","1350780"," 679267"," 511910"
"Hexanoyl Glycine"," 1448568","  961521","  471708"," 1244685","  645197"," 3586336"," 3890778"," 2971952","11078560"," 1988816"," 1110078"," 1544674"," 1966205"," 1516075"," 4473669"," 1205770","  997148"," 1770753"," 1464723","  780702"," 2066672"," 2056484","  348522"," 2040636"
"Histidine"," 8331802","12593223","16761760","16671137","13629176","20044490","19878608"," 4749939","27433932"," 9006863","15969217","15113338","16842283","12494818","10675547","24057663"," 7922836","19852302","21000753"," 8233317"," 9279070","13909614","11637144","15940634"
"Hypoxanthine","20816377","19164502","15612255","11548129","15183928","20168916","14094826"," 8267615","17074530","15960543","13268161","11633944","10963522"," 9427304","17750633","13295273","15159877","10010075","11087264"," 7658629","18686356"," 6793729","12819446"," 8066093"
"Inosine","10497402","11327025"," 8840602"," 5686635"," 4945858","17757203","12653584","14176641","12340760"," 6987030","15391576","16124299","10011573"," 5360351","13152168","13358495","13723801"," 8260899","12748234","19477607","14516966"," 8985301","10043628"," 9413128"
"Isoleucine"," 8773543"," 4049702"," 7562201"," 6267950"," 3643701","10543932","10128484"," 7712780","15192978"," 4515054"," 7062775","10368832"," 5076523"," 4909144"," 5809961"," 6233740"," 6653134"," 7449456"," 6823448"," 8719728","10146212"," 5664185"," 4112605"," 6533464"
"Lactic acid","1268728063","1309032906","1033388850","1326578860","1068848164","1619349483","1353128266"," 797775086","1292461230"," 917234679","1111665441","1141166105","1059320255"," 666986122","1168959246","1021937696","1029462671"," 909837555","1138257687"," 790186631","1063847044","1084368723","1219742462"," 905090388"
"Leucine","15297915"," 7214930","13541434","11531989"," 6849340","19911914","17939787","13327911","29636814"," 8290004","13007490","20213248"," 8501820"," 8828396","10072280","11312696","11124129","12782499","11268485","15404219","17738093","10214641"," 7653025","11302590"
"Linoleic acid","13142129"," 9295279"," 8195486"," 9913784"," 6807137"," 2521912"," 4478755"," 2495569","13800856","  492133"," 4426106"," 4004335"," 4695794"," 7848208"," 6019881"," 2241636"," 8227069"," 3383931"," 4012092"," 3235367"," 2886819"," 8293152"," 2963845"," 2078773"
"Methionine"," 5628140"," 4932249"," 7041015"," 9120754"," 6188659","10106100"," 8597283"," 7073745","12337818"," 7529728"," 7514810","10344515"," 6484736"," 4702695"," 7492170"," 4827532"," 5194328"," 5164120"," 5856604"," 6982636","10354737"," 5341500"," 3588631"," 4669479"
"Myristoylcarnitine"," 4425021","11403886"," 5146093"," 4264259"," 3032537"," 3541731"," 1570270"," 4102084"," 4141386","  361602"," 1114815"," 1555162","  719514","  834449"," 2369763"," 2089370"," 1917371"," 1849599"," 1155813"," 1937908"," 1206564"," 8203668"," 3448262","  759323"
"N8-Acetylspermidine","19270630.0"," 8610023.0"," 6406899.0"," 8503129.0"," 5305215.0"," 6697502.0"," 4362674.0","12230881.0","10194991.0","  200180.4"," 1496499.0"," 1000902.0"," 6617935.0"," 5794799.0","  200180.4"," 1975483.0"," 2772754.0"," 1142776.0"," 1249366.0"," 3078290.0"," 8557798.0"," 1916986.0"," 4127839.0"," 2317455.0"
"N-Acetyl-glycine","203142","186512","111503","249875","124302","186143","127557","285590","174915","107346","144175","126390","107637","121691","144161","133707","297897","139090","106183","215328","159214","178942","164430","122229"
"N-Acetyl-ornithine"," 763038"," 627475"," 369854"," 416659"," 412893"," 619130"," 355611"," 370472"," 286069"," 385543"," 354225"," 919485"," 240679"," 160169"," 492364"," 366055"," 550193"," 499498"," 830756"," 659178","1414919","1457982","1411495","1421128"
"Nicotine amide","458215503","408436559","258749943","163583011","319838120","308131570","180170481","236000166","387987351","101111416","174755708"," 91429410","122723172","190313713","159787342","245593142","129009000","184438907","109850558","271681608","174994963","152479578","244742686","154447937"
"Nicotinic acid","20418296"," 1774547","10815528","12515179"," 3566324"," 7602187"," 9657908"," 1800751"," 7883010"," 4408350"," 6704607","21654845"," 3709588"," 1035618"," 4601039"," 4282866"," 2480459"," 8059999","10198573"," 3398092","34720684"," 4413959"," 1939045"," 9542103"
"Pantothenic acid"," 7718069"," 5892683"," 7247457"," 6450599"," 8876135","12325949"," 8264963"," 6086009","10110267"," 4207907"," 6725046"," 3856603"," 6240699"," 3991782"," 6772821"," 4249211"," 6768914"," 5478240"," 5987974"," 5941293"," 5423108"," 4164416"," 6213748"," 6266613"
"Phenylalanine","35319534","23113565","33737576","31201698","23000187","42147411","34492545","30313719","46153106","19586641","31044738","36952195","23777620","21370195","31512715","29921339","30375147","33826114","33445090","34375764","47873236","30952391","24300156","33983118"
"Pipecolinic acid","14969024","24828707","15966308","23948144","15218043","31832999","25017956","16134499","22688140","14226285","42973218","32991522","25319500","26143288","24413950","30091794","14775250","45247714","21098270","44508770","14440981","32177778","24633382","30188058"
"Pyroglutamic acid","23082473","18458847","17955046","20584418","19456235","24337161","27547843","17421150","27337575","10370956","21314389","17242380","16477375","15899948","15664702","19055244","20859542","13653753","22056815","17124585","22664901","23521655","11145880","20070839"
"Sebacic acid","5254773","6748913","2039065","3414353","1811814","8389902","2018699","3543204","1713530","2786149","1799535","2534392","1375730","2124934","2636867","2113183","2790002","2073473","1850718","4436630","2298202","2962622","3831991","2536833"
"Succinic acid","180492160","147438541"," 73623897","100158502"," 24472782","162657617","166914698"," 76867416","186471278"," 70226290"," 96558002"," 66543287","128268949"," 36414394"," 74547801"," 77842169","137933362"," 79032657","123612536"," 47063121"," 34658363","127802966","170943752","102361917"
"Tetradecanedioic acid","3379065","7354608","2104612","2516117","1310889","5968634","1613595","2471262","1805749","1554106"," 508524","1507886"," 687648","1114059","1641204"," 766703","1678688"," 672424"," 712285","2267364","1912377","3578440","1416622","1695379"
"Thiamine"," 9963920","13354345"," 5679564"," 7553280"," 6586018","14615617"," 6243540"," 7799903"," 8933381"," 5310537","10183174"," 6832858"," 5851901"," 6310444","11401530"," 6315433"," 7818563"," 7139352"," 6217937"," 5213171"," 5305866"," 3934648"," 8037505"," 2644359"
"Threonine"," 4607931"," 3701584"," 8695322"," 9182433"," 6074184","10271170"," 9849029"," 7467838","10333739"," 9173897","10122814","13422321"," 9903755"," 5521398"," 9158170"," 7862650"," 8532936"," 9773217"," 8757574"," 7838270","14175438"," 8970041"," 3524376"," 9308288"
"Trimethylamine N-Oxide"," 3615441"," 1041538","  425404"," 1118377","  608676"," 1757250","  527945","  782202","  372243"," 1850943"," 1905525"," 3128000"," 2637151","  532928"," 2045380"," 1848572","  546357","66827858"," 7581300"," 1330420"," 1539261"," 7207882"," 2438113"," 6939902"
"Tryptophan","18253195","15036465","26310531","24989294","17248101","24168438","26148851","18938838","37102239","13876143","24031881","22043211","23735876","14900149","22242066","19075285","14761928","21226603","21818245","29437823","31573841","20535648","19256621","16235485"
"Tyrosine","12132652"," 5727788","13932814","16292701"," 8427151","22662807","22425130","11163691","40620105","14302957","11458690","18181697"," 9589275"," 8793546"," 9310221"," 7912597"," 9490458","11948794","11672840","12030529","29227042","16583202"," 7441188","10566628"
"Uric acid","25680875","11495444","23658190","18430376"," 9479488","31331991","22925905","31241174","17355082"," 5664477","12255834","14202280","15679225"," 8336815","10222874","13834140","16216825","13023680","17642423","22015316","21813105","10938364","21035714","16850122"
"Uridine","15415271","13292919"," 8725393"," 7841152"," 7710618","12324201"," 8544880","13564208"," 6585996"," 5709169"," 7467436"," 8652714"," 7980938"," 4579015"," 9330981"," 7044904"," 9898730"," 5080561"," 7391208","12222632"," 8763204"," 5016970"," 7867949"," 9945856"
"Urocanic acid","249397","333258","207773","450496","269289","300114","140494","119767","326484","291042","308215","296111","129335","113236","159770","335818","218689","299930","239919","141408","526622","214693","520687","518213"
"Valine"," 8554168"," 3867809"," 7457974"," 8623288"," 4936309","13771809","10979386"," 7068951","18984079"," 5938272"," 7730878","11793647"," 5828578"," 5253881"," 6716112"," 6553555"," 6944404"," 8037724"," 6848215"," 8703307","10531089"," 8328822"," 3962911"," 7229948"
"Xanthine","10623800"," 7714188"," 5119192"," 8332807"," 5425177"," 7147294"," 4844122","10067849"," 3720063"," 4302874"," 6799832"," 3905488"," 3874834"," 2216834"," 6617106"," 4458013"," 5722962"," 3927182"," 6200009"," 7753480"," 6812555"," 4010035"," 5000084"," 5323617"
"_-aminobutyric acid","2346170","2815328","2491975","2903848","2956317","3756298","3209803","1639217","3561483","2549286","2981274","2230358","2184267","2313591","4057680","2300526","3494066","3133193","2722063","2101107","2671432","2177870","1630347","2509055"
"12(S)-HETE"," 7332549","22727766"," 1583554","  635393"," 1842067"," 2743874"," 3198673"," 1833605"," 4681277","  932925"," 1700991"," 1363471","  446880","  321936"," 2759952"," 1231815"," 3440032","  730889","  758216"," 3177750"," 1489735"," 3631797"," 1436460","  525409"
"2-Aminoadipic acid","265679","170178","184155","169562","100014","239887","151214","165836","278412","126588","106625","196331","105567"," 62229","180844","125445","109027","140152","267217","161498","223045","180458","110384","207870"
"2'-Deoxyuridine","589699","801107","326648","276597","361692","431926","180928","678338","228660","107462","164275","362778","149827"," 69861","257406","155826","139438","122706","145987","378565","310320","209549","176105","156331"
"2-Ethylhexyl sulfate","2430884"," 317434"," 522182"," 202972"," 649036","  79905","  61419"," 147786","  43256","  68104","  64769","  58576","  94059","  68719","  79783","  90372","  97199"," 170111"," 828046"," 203762"," 201512"," 440300"," 973808"," 517462"
"2-Ethylhydracrylic/2-(hydroxymethyl)butanoi acid","4992676","4521654"," 401240"," 977013"," 597299","1712054","1507432","2788920","1388375"," 960173"," 944522","2147861","1113167"," 927613","1061363"," 863706","1943221"," 379858"," 806984","1826647"," 915024","1116417","2543915","1040936"
"2-Hydroxybutyric acid","4411578","2519699","1479320","2256953","1775076","3724106","2614468","3528547","3121538","1321068","1805249","3158206","1735596","2770771","1683079","1966449","2157931","1508305","1578541","3491512","2590821","2382918","2525953","1834802"
"2-Hydroxyisocaproic acid","2814610","2097246","1601522","2350610","1591000","3117069","2212107","1324635","3802083","2330986","3131762","3193228","1807191","1444128","4567837","1729035","2054977","4176451","3858128","1930987","2831836","2823152"," 988334","3034170"
"2-Hydroxyoctanoic acid","1017508.0"," 926827.0"," 529474.0"," 780092.0"," 334347.0","1125290.0"," 548344.0"," 687806.0"," 527452.0","  66869.4"," 693518.0"," 857914.0"," 810190.0"," 626126.0"," 470148.0"," 815809.0"," 916380.0"," 676600.0"," 842476.0"," 932603.0"," 884855.0","1064022.0","1417129.0","1420795.0"
"2-Hydroxyphenylacetic acid","362017","212377","257144","188011","190570","428535","148882","162882","202084","206094","175559","201295","158879","138991","178103","199742","166976","151906","159198","167529","215199","167382","238321","154534"
"2-Oxoglutaric acid","1847686","1682637","1186338","3076510"," 989062","1276654","3433482","1321354","4233061"," 792882","2484859","2090506","2161266","2385233","4134570","1374294","3187080","1643929","2268385","1971492","2485265","1137365","1923158"," 905553"
"3-Chloro-Tyrosine"," 15445"," 10654"," 61525","162690"," 59457","173095","102744"," 13770","118303"," 91228","137631","233364"," 62005"," 43556"," 83547"," 56745"," 30320","180383","112673","120986","135098","585552"," 16092"," 36572"
"3-Hydroxybutyric acid","17378031"," 7319259"," 5861156"," 9671000"," 3771092","12000474","12273954","14028820","17247912"," 9385923"," 9627943","15479084"," 7445357"," 8786382"," 7419691"," 7063430","11847710"," 5131102"," 6994877"," 6754045"," 7994008"," 6432207"," 4771726"," 7014127"
"3-Methyl-2-oxovaleric acid","4617173","4122813","2397354","3101906","2554734","9286951","2184549","2822384","1748446","3677529","1886455","3140438","1931390","1819537","2299635","1994887","1666323","1903119","1374658","3556195","2561279","2747905","2408629","2620744"
"3-Methyladipic/pimelic acid","3739452","1939487"," 859955"," 977319"," 577495","2663826"," 575155","1885591"," 542688"," 721679"," 409782"," 866226"," 368299"," 524837"," 491005"," 536702"," 798688"," 451707"," 442281","1324510"," 837595"," 693860","1183551"," 796925"
"3-Methylglutaconic acid","134994.0","140124.0","247061.0","253135.0","116403.0","121764.0"," 64072.0"," 57740.0"," 86248.0","  4899.4","143747.0"," 66484.0"," 45057.0"," 24497.0","131766.0","168382.0","100322.0","115875.0"," 60196.0","117569.0"," 38278.0"," 51501.0","353339.0","445237.0"
"3-Phenyllactic acid","124781","141251","147477","284667"," 67901","245231","101232"," 91941","183351","167886","207061","206964"," 96830"," 73079","220469","173356","172414","141368","241949","118387","295933","203525","163867","190344"
"3-Ureidopropionic acid"," 8909821"," 9241946"," 7559244"," 7794396"," 8930804"," 8983616"," 6970792","10061525"," 8311905"," 5321028"," 8454175"," 8515523"," 5979924"," 2519343","10380393"," 7430686"," 8562225"," 7079526","15290425"," 6775582","15508491"," 7041309","14897844","10893770"
"4-Hydroxybenzaldehyde","10398722","23611256"," 3874170"," 3611656"," 2965669","10024446","10871763"," 9202739"," 4732897"," 5244125"," 4932950"," 3959513"," 4584042"," 2199126","15101581","10928761","13166017"," 5810295"," 9773971"," 3046260","36480504","62407885","14082347","13675689"
"4-Methyl-2-oxovaleric acid","6035984","3958958","4039468","7260072","3037072","3850237","6668706","2356596","9697958","2368053","4167657","3440730","2725335","2966146","4962573","3593701","5807454","2444547","3296415","4620532","4576792","3973359","2991645","3241529"
"5-Hydroxyindole-3-acetic acid","144125","430434","134925","180985","118770","278208","144055","305261","204030"," 14128","251088","286141","135754","146521","449099","168278","327237","150324","185212","254751","389702","118929","208952","191983"
"5-Hydroxytryptophan","223558"," 73136"," 93476","155269","104649","101275"," 73520","117804","106458"," 88528"," 56656"," 66654"," 52525"," 54681"," 62244"," 47378"," 44474"," 39149"," 80776"," 68635"," 75372"," 52334"," 43101"," 50428"
"5-Methylcytosine"," 337842.0"," 746533.0","  57295.6"," 528074.0"," 758774.0","1461895.0"," 553683.0"," 594328.0"," 460128.0"," 286558.0","1349081.0"," 286478.0"," 501676.0"," 641705.0"," 626946.0"," 719614.0"," 858069.0","1270793.0","1014544.0"," 650905.0"," 334513.0"," 668082.0"," 533634.0"," 672201.0"
"8-Aminooctanoic acid","13638732","11429496"," 7109844"," 9831340"," 6517893","11662732","14307773","11353755","24399846","11679351","10553167","11693184"," 6578871","10664481","18613700"," 7347939","11441664"," 4339485"," 3860320","10636484","15915059","11263173"," 3878592"," 9018251"
"Acetylcholine","  974586","  871975","  777328"," 1268584","  843779"," 1911573"," 1082422"," 1166086"," 1035077"," 2092365","  844440"," 1068355","  710543","  994583"," 1560406"," 1490048"," 3051078","  783762"," 2045330"," 2081336","11490317","  771961"," 2296608"," 4561076"
"Alanine","17907680","24787666","28452180","28306400","25424949","51340651","38320787","18239456","33973290","31141213","29506117","40636052","36013624","21664491","41537213","28612590","25499901","46417012","38807747","21990123","43328884","37971489","27346906","34331346"
"alpha-Linolenic acid","10379974","11307556"," 3384997"," 1744452"," 3101966","  828555","  579064"," 1812832"," 2288769","  378017"," 1119342"," 1152193","  614278"," 1518011","  809927","  833179"," 2884914","  560136","  879612"," 1750527"," 1487914"," 3260830"," 2174184","  710819"
"AMP","2415723","2879355","4362408","1277600","6148333","6802011","7038265","2843544","3244694","7217040"," 190360"," 488735"," 506285"," 136617"," 181394","1557558"," 119624","2279133"," 738224","2791962"," 201016","7233950","8732466","5435636"
"Anthranilic acid","1191203.0"," 484994.0"," 702408.0"," 737453.0"," 522441.0"," 733585.0"," 491838.0","1713431.0"," 843026.0"," 478685.0"," 509726.0"," 447399.0"," 445626.0"," 510578.0"," 494953.0"," 295680.0"," 478143.0","  56417.6"," 301274.0"," 334861.0"," 476302.0"," 402477.0"," 282088.0"," 402259.0"
"Arachidonic acid"," 94875058","141810482","156923592"," 64475231","110400702"," 32614969"," 25062594"," 42283878"," 59475031"," 29270337"," 27469592"," 30458020"," 17200179"," 27114087"," 39167783"," 33414878"," 94373831"," 19053455"," 24223115"," 48094550"," 91920952"," 42461264"," 63374822"," 28959217"
"Asparagine","1497115","1444378","2294034","2007055","1972013","2216344","2495925","1772091","2558175","2691104","2680175","3075606","3426362","1905303","2749849","2229499","2218153","2378420","3187063","1919405","2900036","2353107","1265369","2413885"
"Carnosine","339169","139092","109365"," 87731"," 92339","298552","134892"," 22712","136459"," 19731"," 83317","107195"," 84708"," 31047","209652","108933","170768","119672"," 84746","133111","117785","246448"," 57212"," 45485"
"cis-Aconitic acid","4965012","4344712","5916996","5748045","4282424","6386557","5842170","4610546","8685909"," 988592","4082647","4063192","5897159","6288524","3287150","3399135","8296842","2886656","6786078","7241540","6233922","4950233","4690151","5500647"
"Creatine","7667993","6679549","2367012","2043932","3657714","7170996","5035219","3464170","6740529","2750067","2692431","2721627","2205949","2032430","7154472","4890002","6187348","2850469","3285881","9785448","3927945","3170083","1689107","3351352"
"Creatinine","309342","338036","126392","112648","201882","338243","234138","196976","286368","125998","144486","148814","116073","104249","338788","233924","293324","133935","184939","438781","226134","150745"," 94696","155519"
"Cystine","119243"," 29889"," 54297","  6951"," 46567","286832","282847","377963","173984","179425","235849","216695","213003","171075","233552","189268","202769","268973","202423","286710","178306","137828","191291","359847"
"Cytidine","1677820"," 181480"," 649308","1331322"," 825775","1151427"," 738706","  18363","1009913","  27900"," 402531","  49578"," 979574"," 758488","  55710"," 301926"," 984584"," 274281"," 674812","  75541","  18484","  40096"," 224181","  28191"
"Deoxyinosine"," 864237","3007556","1456119","1075443","1695875","1317230"," 806296","2000372"," 881513"," 558912"," 818275","1267295"," 993543"," 481245","1018789"," 541656"," 878484"," 289540"," 739228"," 923348"," 681367"," 395329"," 536253"," 504195"
"Diaminopimelic acid","121514","221087"," 62479"," 97465"," 72770","148060"," 82791","106846","139843"," 60497"," 69478"," 77744"," 56140"," 47990","101169"," 56452"," 91587"," 82670"," 94506"," 63171"," 74757"," 69697"," 48661"," 52676"
"Docosahexanoic acid","159670790","123536595","218146697","119419908","145202025"," 38560837"," 18373664"," 70242991"," 52772823"," 14446568"," 30815268"," 27029631"," 34442500"," 49984087"," 49953399"," 49724876","152123755"," 18434995"," 37601516"," 65667031"," 83670783"," 38382023"," 43110493"," 35951310"
"Docosapentaenoic acid","541694","291888","227977","230078","161055"," 73345","108893","216965","103654"," 27690"," 55933"," 65100"," 24824","129089","164993"," 67891","389775"," 56444","124462","201363","416410","181250","200268"," 83439"
"Dulcitol/Mannitol/Sorbitol","4964214","1319127","2100550","1696181","1607459","1754975","1238618","1208919","1803295","3527439","1517649","1359366","1948771"," 731631","1310581","1380215","1838984","1319292","2352230","1648764","2481919","1785639","1847036","1524308"
"Eicosapentaenoic acid"," 8331164","13144758"," 7915828"," 2539881"," 6308948"," 1338593","  982002"," 6347981"," 2618642"," 3270873","  571447"," 3772228","  395850","  836211"," 1663845"," 1445820","11441095","  953568"," 1664970"," 2979852"," 6980863"," 4782440"," 5161268"," 2091718"
"Epinephrine","12105369"," 5496332","14645143","11263570","17657240"," 6649559"," 3362157"," 6933404","15750453","  893050","17382813"," 6825953","13727433"," 4877656"," 3661078","11015962","18853735"," 8583226"," 2280634"," 1883854"," 8415815"," 7853788","25027978"," 5890423"
"Ethyl vanillin","3138912","2179353","4057540","2706983","3720848","4193099","2242690","2462630","2841371","3093116","2587228","4350717","3132052","2762571","2924017","3067926","2495738","2938509","2117566","2898916","3401152","3120662","3378514","3556550"
"Fumaric acid","1068330"," 972648"," 369589"," 517432"," 306001","1107464","1146622"," 435962","1040717"," 561205"," 326319"," 474072"," 299235"," 214526"," 714063"," 293399"," 615341"," 269658"," 573485"," 226167"," 263917"," 470601"," 393401"," 405779"
"Glutamine","53342736","52620839","52810371","67975345","60275458","77612481","86556903","52323715","87874086","71461749","73770541","60852540","73706156","54040964","68644548","76808026","58744045","75906399","86751723","46988754","75018468","84158446","43905302","79281702"
"Glutaric acid","5049153","1906193","2101856","2484322"," 715551","6939690","4314484","4157081","5838238","3020308","4634514","4889871","2803042","1139006","1928083","2675071","2109817","5115356","3689821","2286900","3001064","3848037","3059736","3840120"
"Glyceric acid"," 791968"," 804027"," 708831"," 803136"," 499072","1289903","1021510"," 472305","1537622"," 707044","1146202"," 807083"," 624688"," 450436","2025303"," 675878","1302416"," 847457","1073951"," 957570"," 503307"," 388168"," 364590"," 700521"
"Glycine","185550","278083","441242","397699","304298","497035","351523","275867","295142","294943","479464","397982","598982","234611","364208","361641","362424","381990","393746","284055","417647","325633","308739","329910"
"Glycolic acid"," 751625"," 691299"," 623321"," 939107"," 574788","1295053"," 605883"," 482007"," 498635"," 664670"," 914110","1990179"," 549888"," 350124"," 523456"," 405615"," 397959"," 439079"," 486281"," 521600"," 418495"," 455748"," 437670"," 476067"
"GMP"," 470309"," 511700"," 744426"," 550627"," 854199","1304255"," 986271"," 874181"," 695746"," 624597"," 199263"," 364364"," 451650"," 287283"," 307826"," 529600"," 283860"," 790975"," 418890"," 862979"," 398290","1143194","1897406"," 789715"
"Guanosine","288451","430611","212984","248424","128055","434624","293067","491983","384062","101259","772011","596940","696160","356272","889752","413302","916664","334499","455094","703971","918549","247934","288061","226896"
"Hexose","513860467","265736178","331808176","289802986","255195845","394232708","356989555","255639601","352479867","236684282","334639179","315849093","372845041","390670327","288503324","336312415","403926844","321712764","397165552","532683069","325475944","364092670","413817606","359528197"
"Hexose dimer","3050308","2702987"," 719233","1298556"," 975710","1953528"," 685389"," 759302"," 819446","1441268","2337365"," 885593"," 874652"," 643729","1949065","1822446"," 908627","2293584","1767316","2417694","1034578","2739534","1442486","1059485"
"Hippuric acid"," 257416","  62985","  41770","  46201","  40407","  45512","  76057"," 150370","  21867","  53871","  24077","  75354"," 103589","  24297","  46375"," 102298"," 142634","  53474","3185832","  99963"," 309851","  48299"," 107857","  44909"
"Homoarginine"," 72775"," 85183"," 84612","112820"," 95287","150508"," 44027"," 50444"," 49832"," 67889"," 75352","102645"," 70272"," 35758","101089"," 80940"," 94508","137894","132945","121598"," 92569","124220","101466","143554"
"IMP"," 750280"," 940547","1730538"," 579845","3020262","2571455","2465552"," 550511","1328233","4192144"," 298701"," 372575"," 376364"," 225401"," 460962"," 735888"," 370210"," 457247"," 459934","1458965"," 346119","2008294","3841545","1243305"
"Indole-3-acetic acid","1127213","1529726","1435095","1182334"," 727566"," 593116"," 675486"," 356043","1432755"," 419078","1427024","2659697"," 960658"," 381725","1118311"," 537363"," 416016"," 467868"," 648762"," 456576","1073179","1074039"," 414840"," 489981"
"Indole-3-lactic acid","190219","136847","163586","199819"," 98263","127614","193632","141171","571540","214809","167758","379547","157654","131330","223623","144708","182935","143330","208286","231653","499271","333605","246694","122734"
"Isethionic acid","13627103"," 1752763"," 2846385"," 1882563"," 1439327"," 3493985"," 2520717"," 5756257"," 1566656"," 2361334"," 1691611"," 1000620"," 1624360"," 1462928"," 1092869"," 1960376"," 2322117","  930565"," 2464397"," 6348313"," 3646886"," 1183813"," 5131166","  913842"
"Isocitric acid","39912528","47927765","53434596","48616402","37115866","45189795","50420167","48159842","60089966","11862983","30293238","35885850","46302219","49944859","31616033","24975758","56357868","25789838","53959105","33735641","43454611","26425002","40192095","41294130"
"Kynurenic acid","1130808","1594801","1794412","1775264","1845891"," 541350"," 238578"," 497540"," 261173"," 328537"," 254270"," 471333"," 578054"," 405350"," 377567"," 422702"," 729042"," 885234"," 974297"," 295448"," 443817"," 716019"," 321672"," 772484"
"Lysine"," 707364"," 449402"," 862334"," 836965"," 858792"," 637429"," 717494"," 498921","1253208"," 889151"," 895505","1085985","1254260"," 387124"," 792757"," 791686"," 590985"," 869136"," 910985"," 687949","1137577"," 783583"," 603888","1337880"
"Methionine sulfoxide","1240091"," 854049","2606624","3263032","2599201","3470847","1405480","1532085","1674631","2765489","1132364","2032651"," 687716"," 576486"," 872916","1563122"," 804383","1368536","1515609","1334701","1328882"," 621756"," 546593"," 872188"
"N-Acetyl-alanine","12111534","16438158","10338847","10644249","16292979","11697182","10260878"," 8873172"," 8216993"," 5940268"," 7875996"," 6109872"," 7467745"," 7495341"," 6212445"," 6716787","16144809"," 7105048"," 6405749"," 7759295","10858970"," 5529094"," 9306704"," 3542189"
"N-Acetyl-aspartic acid","228041","237722","224076","150941","155389","312613","301597","118222","251571","125571","118285","109981","107560","101705","264200","198251","193227","173995","208817","178585","259479","373275","193072","189920"
"N-Acetyl-glutamine"," 633549"," 333233"," 218274"," 257432"," 287726"," 644417"," 530157","1244123"," 761562"," 398782"," 441250"," 274421"," 350317"," 363312"," 758182"," 521425"," 405239"," 551861"," 673466"," 232762"," 292637"," 474819"," 161368"," 368022"
"N-Acetyl-methionine"," 529360"," 328069"," 839449","1530472"," 630261","1122478"," 814609"," 771345","1161552"," 258675"," 664945"," 537255"," 697144"," 472732"," 765122"," 397426"," 571155"," 745204"," 784329"," 372328"," 687300"," 500647"," 452818"," 589987"
"N-Acetylneuraminic acid","256743","115127","108625"," 88515"," 94310","160828"," 90895","182612","172297"," 69249","108115"," 77331"," 96872"," 96717","165024","249541","193507","153420","185675","114875","102784","126537","129044"," 78422"
"N-Acetyl-phenylalanine"," 458428"," 392033"," 276211"," 295483"," 291475"," 334914"," 235458"," 312101"," 727830"," 157972"," 413073"," 330109"," 265590"," 188290"," 656747"," 549386"," 341453"," 667445"," 686885"," 455895","1069392"," 494837","  83988"," 402360"
"N-Acetyl-tryptophan"," 81078"," 69616"," 69101"," 55698"," 63784"," 59755"," 79667"," 19208"," 64078"," 11754"," 38932"," 38853"," 55116"," 21861","115241","133281"," 60950","167665","157462","164066","298850"," 83692"," 14514"," 60289"
"N-Formylmethionine","230571","260075","152084","256611","189600","371428","211440","311828","243510","104755","168710","172552","160783","121592","289083","141228","211794","192806","151539","201917","243129","148468","120079","130780"
"N-Iso valerylglycine"," 381153"," 241377"," 463880"," 485819"," 551372"," 884817"," 523744"," 448851"," 989995"," 392695"," 575979"," 549319"," 401732"," 280061"," 619287"," 378424"," 399211"," 775710"," 543408"," 307601"," 713905","1134509"," 182542"," 488540"
"Palmitoleic acid","514752.0","235898.0"," 82052.0"," 82021.0","127511.0"," 21806.0"," 82998.0"," 89406.0","204228.0","  3603.4"," 57719.0"," 57598.0"," 18634.0","119181.0","138585.0"," 64957.0","182315.0"," 47557.0"," 80392.0"," 44414.0"," 48146.0","196281.0"," 45747.0"," 18017.0"
"Pentose","3632831","1406600","2041080","1494278","1396353","2122457","1764820","1272263","1950075","1370722","2194630","1754738","2397541","2599762","1579459","2144805","2442357","2025401","2482283","3373644","1692809","1956604","3005552","2422903"
"Proline"," 405617"," 244222"," 698340"," 884066"," 648173","1142238"," 811775"," 437546","1001828"," 787953"," 847550","1052496"," 810899"," 423770"," 782577"," 626872"," 526927","1056798"," 828148"," 585835"," 979099"," 806036"," 232988"," 926829"
"Pyruvic acid","11409905"," 7991414"," 7435780","13267952"," 7992271"," 7223777"," 9522496"," 6590879","11505245"," 2556420","10798397","10018347","11814439"," 8720438","12871207"," 5348205"," 7993658"," 8592824"," 9489425","10132411"," 7449344","11212327"," 8816845"," 7655047"
"Quinic acid","250487","110141","150656","103286","198185","293374","  3385"," 10092"," 13061"," 14567"," 54722"," 10386","101833","239115","  7331"," 18095"," 26938"," 54259","108533","  6387"," 20855"," 27036"," 17289","  3966"
"Rhamnose","2242615","2957925","1801455"," 764354","1641768","3279985","2640151","1773007","2161835","1984101","8793691","4026692","3502247","3489425","1590523","2975679","1569908","1534951","2784963","2098971","2563373","1748590","1721127","1146415"
"Ribulose-5-phosphate","675149","569269","238276","196127","149633","596578","523245","488310","611419","166154","264764","424569","229457","187868","161121","237373","279146","376619","496067","429120","322803","383470","469781","226877"
"Serine","1698747","2041794","3089227","2919739","2411320","2469608","2483043","1983924","2365674","2492961","3048647","3183362","3694749","2068992","2981849","2881462","2785514","3160817","3077752","2485855","4135824","2908866","2252921","3106166"
"Sphingosine 1-phosphate","1719699","1311601","1648463","1865767","1422300"," 611981","1566454","1080750","2043990"," 209696"," 906209"," 719402","1997304"," 897507","1353629"," 915647"," 548705"," 656142","1129011"," 700299","1095254","1552057","1262494"," 447398"
"Suberic acid","4147001","5623787","1755463","2299231","1462587","4984163","1179396","2427607","1937785","1334102"," 948718","1359359"," 764284","1027445","1233002","1184971","1880478","1024520"," 883138","1615284","1188110","1380257","1832365","1379978"
"Sugar alcohol","621316","425385","340895","252408","319678","487802","696495","288370","214962","243327","208757","312302","206182","140341","210782","140863","553195","228661","605989","171965","604359","308865","435574","249034"
"Taurine"," 86405434"," 51828701"," 41000387"," 34891373"," 43579321"," 73622255"," 65626702"," 61430565","112719162"," 39241630"," 53707366"," 45353612"," 50483961"," 46873256"," 88457867"," 79775906"," 68346224"," 57849209"," 53660442"," 91410239"," 62058200"," 39930481"," 50906313"," 45663537"
"Tauro-a-Muricholic acid","  17534.0","  14573.0","  19881.0","  11784.0","1188727.0","  17900.0","  42045.0","  40797.0","  22941.0","  23407.0","  66310.0","  90254.0","  29511.0","  68861.0","  24985.0","   2164.6","  64739.0","  16596.0","  33396.0","   2164.6","  10823.0","  35137.0","  59083.0","  21954.0"
"Tauro-b-Muricholic acid","  17534.0","  14573.0","  19881.0","  11784.0","1188727.0","  17900.0","  42045.0","  40797.0","  22941.0","  23407.0","  66310.0","  90254.0","  29511.0","  68861.0","  24985.0","   2164.6","  64739.0","  16596.0","  33396.0","   2164.6","  10823.0","  35137.0","  59083.0","  21954.0"
"Threonic acid","13893360","14793261","15196520","10707056","19072780","14175929","11135629"," 8208929","22999241","10916273","11003984"," 8024606"," 5731148"," 6091616","11105553"," 7297491","10760177","10379726"," 9588423"," 7752470"," 5866632"," 6222161"," 3247610"," 7392372"
"Thymidine","956947","792901","642961","617069","838670","661612","361058","555733","651281","123389","277228","407132","328382","269383","247466","211172","227409","152642","191401","374421","263456","221954","213112","136970"
"Traumatic acid"," 7246202","12758798"," 3701316"," 4942571"," 2356300"," 5386591"," 1310830","11310003"," 2514285"," 1212064"," 1551786"," 2860017","  669769"," 1624930"," 1452061"," 1433918"," 2274595","  864461","  743634"," 2650223"," 1890444"," 1563301"," 3945731"," 1784670"
"Tryptamine","31040","24116","42719","41292","27284","48130","47371","28729","72483","19055","41405","39233","41427","25379","39980","36951","25471","42613","36984","52229","53458","34053","30983","24701"
"UMP","280544","304107","306520","189911","331784","693006","589022","411463","325456","176420"," 62856","167153","311868","124065"," 86924","271921"," 79324","413467","278473","565379"," 70289","507749","657517","477163"
"Uracil","1996160","2083393","2518701","1670026","1340299","2295789","2240654","1206622","1906353"," 702916"," 908689","1025075","1481549"," 847547","1752455","1482597","2102776","1566272","1853196","1120773","2903655"," 688148","6179460","1487529"
"Urea","42304293","27555858","23168478","29606441","34246881","52301860","37426195","57729719","40118268","18270578","32023317","36328741","25977862","19732214","30885209","32811058","29690526","28368525","24982329","40639785","40040910","25503293","23459676","23354432"
"Vanillin","1838267","1119985","2529727","2038468","2416805","2454641","1587840","1762017","1549127","1750910","1827472","2764805","1822972","1852956","1551131","2125535","1607903","1800762","1322012","2222835","2073487","2023970","1960190","2374720"
"_-Gluconolactone","367049","255977","235719","384695","131939","504133","265244","307231","219960"," 90509","126899","136802","182059","164837"," 76095","113556","239279","137298","229626"," 99036"," 75493"," 65748","117527","125935"
"(R)-3-Hydroxy myristic acid"," 729394","1061413"," 493835"," 492601"," 332254"," 495108"," 628563"," 236174"," 667637"," 165333"," 273768"," 334501"," 262455"," 409311"," 245497"," 287864"," 431887","  86973"," 181686"," 347272"," 239417"," 711587"," 517824"," 386338"
"1,2-dihydroxyheptadec-16-yn-4-yl acetate","1374963.0","1142698.0"," 732034.0","1655094.0","1293758.0","1740604.0"," 740144.0","1158748.0","1173097.0"," 144097.8","1673585.0","1498282.0","1316188.0"," 852466.0"," 720489.0","1374334.0"," 814517.0","1363331.0","1142253.0","2282407.0"," 919019.0","1794881.0","1341599.0","2427746.0"
"1,3-Diaminopropane","1921378","1726489","2547626","3413181","1561059","2407564","1345024"," 854257","3868482","2846767","2370548","3993452","1625538","1104751","2386682","2136759","1582110","6909013","8014645"," 657952","1326363","2075880","  36773","3960714"
"1H-indene-3-carboxamide","2322384","1948671","3127098","2961888","2215387","2996661","2988981","2247236","3893070","1702214","2675927","2370195","2642555","1814052","2738962","2281704","1814532","2365705","2494003","2974273","3203070","2585646","2351141","1901484"
"1-Linoleoyl glycerol","59776586","57551667","26143963","22043464","18854881","17332807","11619775","15916290","32975419"," 2882911","16325664"," 9297261","16702842"," 7220344","12959267","14750023","23803259","10962702"," 7815044","17789448","15700187","69655048","30858496"," 8508142"
"1-Methyladenine"," 4231108"," 6762711"," 3518549"," 9504193"," 5550164","12879888"," 5285445"," 5135594"," 9321783"," 5486474"," 8082153"," 4199548"," 1204011"," 1520108","10285874"," 5073040"," 7240922","10974107"," 9086957"," 4241740"," 4755459"," 4822284"," 2165533"," 3363852"
"2-(acetylamino)-3-[4-(acetylamino)phenyl]acrylic acid","1903077","1233262","2300152","2229058","2258289","1979577"," 821126"," 443702","1419155"," 736623","1646261","1529988","1283107"," 462517","1576644","3334310","1068581","4789621","4018285","2752321","2671893","6199225"," 435432","1876336"
"2,3-dihydroxypropyl 12-methyltridecanoate","241890212","215971393","171432793","231624485","298326988","154598172","126620699","181608242","207675049"," 36261494","153528165","187391765","166637814","111888641","135762384","168171207","174521775","141352839","129395316","184556000","138561522","419111511","244118536","216705008"
"2,4-dihydroxyheptadec-16-en-1-yl acetate","6539796","3526516","3442278","2656369","2754502","4317115","2638756","2782281","1709469","1332595","2750178","2683885","2034407","1360267","4162633","3232897","3811901","3691206","2438061","3299462","3939399","7019153","2581510","2402921"
"2,4-Dimethylbenzaldehyde"," 545440","1665708","2866992","2155976"," 667654","2044135","3016374"," 605470"," 572208"," 412220","1314071"," 843569"," 912730","1248507"," 340462"," 315132"," 258657","1106955"," 186279","3738823"," 696698"," 268167"," 653887","1355047"
"2-[(1S)-1-Hydroxyethyl]-4(1H)-quinazolinone"," 265964"," 471452"," 820597"," 815051"," 634037"," 865738","1046676","1715466"," 722526","  54508"," 833897"," 909349"," 972462","1209206"," 482199"," 472836"," 462060","1109858"," 670440","1465830"," 820360"," 757524","1456599","1596985"
"2-Anisidine","1349685","1113411","1464707","1346152","1423511","2574576"," 918671","1259145","1086122","1345197","1546747","1568863"," 909332"," 931558","1258629","1399005"," 874459","1140588"," 695322","1225654","1076405"," 998254","1401358","1332766"
"2-Fluoro-6-(4-methoxyphenoxy)benzonitrile","559000","827836","937172","694806","970946","889631","555877","598603","916798","922375","456369","420339"," 98097","231656","554828","451421","642610","362233","432152","369578","352723","508345","163378","452584"
"3-(2,7-dimethylpyrazolo[1,5-a]pyrimidin-6-yl)-5-(trifluoromethyl)-4,5-dihydro-1H-pyrazol-5-ol","2515733","1506584","1591271","1441956","1821953","1078984"," 740433"," 880042"," 967057"," 716186"," 660701"," 892270"," 809666"," 589545"," 826378","1765578","1497754"," 837405","1689216","2634415","2974158","2010388","2321721","1155104"
"3-(4-benzylpiperazino)pyrazine-2-carbonitrile","1128181","1275474","3183915","3265087","1598631","1143210"," 768728"," 815195","1256481"," 579068","1313730"," 951432"," 500243"," 348451","3764692"," 952065"," 463822"," 747084","1012224"," 726547"," 782882","1411625"," 504788","1282844"
"3-(tert-Butyl)-1-(2,4-dichlorobenzyl)-N-isopropyl-1H-pyrazole-5-carboxamide","41556","45967","42479","46029","36228","47040","40450","41712","40984","33569","38269","43982","39289","38169","36568","38077","36490","35802","42660","43849","38790","50302","39883","38196"
"3-(tert-butyl)-1-methyl-4,5-dihydro-1H-pyrazol-5-one","1173695"," 722553","1121900","1028406","1211279","2181288"," 729638"," 886577"," 786680"," 934356"," 960882","1191427"," 813154"," 786670"," 834235","1012794"," 685380"," 975210"," 672423","1029247"," 955140"," 840206"," 990130","1125367"
"3-[2-morpholino-5-(trifluoromethyl)phenyl]-4-phenyl-2,3-dihydro-1,3-thiazol-2-imine hydrochloride"," 443579.0"," 832155.0","2147767.0"," 855120.0","1459289.0"," 516894.0"," 734434.0","1014735.0","1093343.0","  88715.8"," 667436.0"," 757831.0"," 714032.0"," 561489.0"," 597201.0"," 769242.0"," 888331.0"," 832469.0"," 567196.0"," 874856.0"," 718203.0","2086111.0","1143315.0"," 971655.0"
"3-benzyl-4-hydroxy-5-(4-hydroxyphenyl)-2,5-dihydrofuran-2-one"," 393795"," 388646"," 409042"," 391357"," 437732"," 313856"," 323488"," 303593"," 338953"," 287683"," 405604","1490635"," 211122"," 262226"," 316614"," 247902"," 271321"," 270040"," 236489"," 265141"," 252827"," 355244"," 313111"," 244944"
"3-Hydroxy-2-methylpyridine","1010691"," 524894","1316053","1067239","1085213","2148984"," 695629"," 974722"," 847871","1108602","1175716","1223033"," 632048"," 893829","1012128","1073341"," 568824"," 867126"," 845336"," 986569"," 896976"," 655644"," 966167","1083913"
"3-Hydroxydecanoic acid","4636096","6258185","2398594","3481135","2940373","3396296","3032119","1876698","3570541"," 959208","2665975","3026830","1998028","2766337","2559352","3229721","4523377","1258503","1881820","2296987","2281498","6956492","6062616","4251723"
"3-Methoxybenzaldehyde","5404239","3122701","5291291","4599197","5383444","8108015","3918380","4884556","3978578","5062400","3993525","5964468","3835148","4504440","3941160","4315637","3251241","4436990","2916222","4980074","4403903","4477523","1866546","4521664"
"4,4'-Bipyridine","1980313","2111008","3094477","2603225","2219662","2550749","2272163","2190621","3311579","1603229","2524800","2553421","2292612","1583573","2107884","2112918","1680512","2263180","2210786","2740303","2820150"," 646690","2111852","1869431"
"4-Ethynylaniline","11144739","10734786","18773684","15799151","12154378","15766989","14433580","12903547","20561623"," 8634375","14802715","14215579","14931223"," 8963781","12491496","12554709"," 8701671","12918715","12728630","17221878","17150465","14436369","12687807","11151706"
"4-Indolecarbaldehyde"," 2344450"," 2974031"," 5417757"," 7377656"," 2355852"," 3261349"," 4101350"," 2885894"," 7375982"," 4286639"," 5680229"," 7638663","10786940"," 5272950"," 3536320"," 4329588"," 3616304"," 4675811"," 7338319"," 5708567","11590351"," 6994721","10426725"," 5156399"
"4'-Methoxyacetophenone"," 538771"," 593364","1229688","3178653","1077483"," 259681"," 255342"," 515974"," 314126"," 343053"," 787227"," 540760","1730800","1112408"," 466431"," 347254"," 125554"," 925960"," 528763"," 498736"," 180714"," 359328","1114351"," 600631"
"4-Piperidone"," 5441627.0"," 9645703.0"," 5074129.0","21085375.0"," 8100811.0"," 7467801.0"," 4404271.0"," 4838124.0"," 6411445.0"," 7916228.0","75282267.0"," 6021103.0"," 5947832.0","  880854.2"," 8426307.0"," 6528419.0","  880854.2","69816875.0"," 9746485.0","12037992.0","11530537.0","11611952.0"," 5088197.0","42727667.0"
"5-acetyl-2,6-dimethyl-1,2,3,4-tetrahydropyridin-4-one"," 369478","1035426","1672674","6067906","1903293"," 393952"," 553497","1074649"," 533451"," 731805","1362893","1308955","3772294","2096114"," 797489"," 586321"," 248652","1722416"," 797228","1036691"," 289263"," 518386","2384992"," 790515"
"5-Nitro-o-toluidine","26363048","31397414","18599499","17029295","16368888","46320024","19374291","49968209","48093739","15133090","19755565","20570159","19072969","27756884","29036798","50836835","35363872","36091878","25185439","48588401","42655000","12404496","39870137","26326049"
"6-(4-methoxyphenyl)pyrimidine-2,4-diamine","129013279","140035610"," 39955184"," 52882899"," 45346247","345019421","169004518","247743711"," 64614637","149211671"," 69080790"," 97652001"," 90618186"," 47342485","201032097"," 92980582"," 69041532"," 96362558"," 71803349","152348419"," 66719955"," 77973558"," 71779430"," 72113134"
"6-Methyl[1,2,4]triazolo[4,3-b]pyridazin-8-ol","4612905","5229401"," 821755","6204541","5121505","5511092","4108121","2396581","4525069","1691843","5452932","3596260","4470546","2930481","7152538","3835739","6268076","5735545","6950736","3335455","5688201","4487134","2349675","2526831"
"6-Methyl-2-pyridinemethanol","1061477"," 751361","1180609","1057857","1217993","2119589"," 745118","1195068"," 882721","1112084","1224070","1210987"," 765127"," 713377"," 965908"," 964297"," 665046"," 898129"," 615408","1024827"," 929328"," 915541","1027488","1142797"
"6-Methylquinoline","2277713","2335100","4209179","3383949","2844294","3599147","2932144","2650259","4384140","1846950","3658169","3296047","3344570","1733949","2849051","2856095","1854679","3298280","2664149","3929395","3838581","2992961","2803418","2745214"
"8-Hydroxyquinoline","82426056","28919706","39496301","67493076","92605037"," 6219363"," 6630937"," 6040694"," 9778620"," 4635522"," 6217742"," 2742980"," 4797066"," 4568901","19701253","10682005"," 8466338","24098973","21126927","18297193","26036322","20926465","17203343"," 7886543"
"9-Oxo-10(E),12(E)-octadecadienoic acid","2323849","2692438","1096332"," 967798","1058482","3382009"," 683087","1789091"," 404087","2876322"," 421027"," 840898"," 651479"," 433827"," 818247"," 634807"," 809943"," 403800"," 298490","2262610"," 361700","2484800","1221676"," 811334"
"9-Oxo-ODE","3955554","4833117","1801469","3392627","2257169","6063806"," 999048","2794799","1292486","2470109","1823391","2538609","2004316","1925155","1681841","1879362","1672686","1558075","1129654","7325605","1586939","3342737","1581026","3058197"
"Acetophenone","2057136","2307053","3659380","5292625"," 950725","4163919","4734530","1451367","1721727","1322442","2390962","1878527","1396249","3294436"," 511688","1240488"," 739612","3547004"," 679525","5420061","2178657"," 488930"," 788306","4103543"
"Acetyl-_-methylcholine"," 51213984"," 32670767"," 31750872"," 26504030"," 20495787"," 86759743"," 52539175"," 24086390"," 65389902"," 16762696"," 15412483"," 25834224"," 13628570","  7710781"," 33996734"," 93549774"," 32753278"," 23640075"," 89823005"," 67909122","117197926"," 27380401"," 40103951"," 23691309"
"Acetyl-_-methylcholine.1","11933393.0","14825215.0"," 5289039.0"," 7659965.0"," 6786988.0"," 2508264.0","   70492.2"," 1046851.0","  408162.0"," 1671979.0"," 4802033.0"," 3409333.0"," 1954164.0"," 1211564.0"," 3309267.0"," 1022269.0","  352461.0"," 2371361.0"," 2789992.0"," 1907135.0"," 1712050.0"," 1848625.0"," 1193176.0"," 1973943.0"
"Buprenorphine","2548761.0","4140275.0","2894300.0","2459823.0","1993827.0"," 498142.0","1305494.0","1961469.0","2786266.0","  99628.4","1295059.0","1392916.0","1566987.0"," 851472.0","1097709.0","1318205.0","1530462.0","1401690.0"," 815499.0"," 963608.0","1614935.0","3132715.0","1760814.0"," 903702.0"
"Butorphanol","    229213","    158251","    174185","    175302","    195995","2499321484"," 816468574"," 240690792","1777743916","    159417","    145334","     76830","     87034","    101195","    106878","    106757","     91820","    101608","    105742","    143414","     81252","    115287","    148180","    123601"
"Cetrimonium","2978198.0","2103667.0","3097005.0","4108036.0","3762937.0","1793791.0","1391224.0","3409107.0","1684928.0"," 278244.8","3884890.0","2729128.0","2100635.0","1525399.0","2378888.0","2266830.0","2892106.0","2893483.0","2014911.0","2107411.0","1901492.0","6957179.0","2358807.0","5223021.0"
"Corticosterone"," 1562022"," 1239925"," 4269044"," 2366307"," 3878631"," 5879720","10420091"," 6223297"," 1035555"," 3169772"," 8975778"," 6109882"," 5340640"," 7434607"," 3061829"," 7306034"," 2928048","  757700","  683645","  445646"," 3474249"," 3542306","  452537","  334015"
"Crotonic acid"," 4681961"," 3018770"," 4782566"," 6471911"," 7136562","12987879"," 3343439"," 6559001"," 4323496"," 5005682"," 5953892"," 6054125"," 3697936"," 4129759"," 5079403"," 3696288"," 4587450"," 4873810"," 3529780"," 4712897"," 3562349"," 2996050","  599210"," 3829190"
"Crotonic acid.1","1241241"," 756974"," 629206"," 813392"," 184620","2570305","1246434","1432650","1511954"," 812312","1583801","1557547"," 814292"," 239386"," 850997","1008094"," 676470","1876696","1272553"," 689706"," 771326","1437697"," 918332","1373026"
"D-Alanine methyl ester","5611925","4470910","2743829","3332403","3092505","3371881","2170867","1184901","2277982","1670030","3239703","1801757","2030178","1661375","3815800","2710599","2550315","2799279","1908670","2783656","2198234","1750459","1176044","2309874"
"Diethyleneglycol diacetate","2206692","2510872"," 827256","1377467","1402218","5844924","1842055"," 962308"," 963528","3187496","1149220"," 927254","1142337"," 854289"," 688121","1022288","1192677"," 961247"," 809420","2112545"," 760298","1191333"," 921920"," 679863"
"Dimethyl 2,6-dimethyl-4-(2-thienyl)pyridine-3,5-dicarboxylate","1066175","1786242"," 991470","1214696"," 713702","1215650","1124350","2056813","1383140"," 435151","2845073","2182618","2998980","1782720","2870362","1635035","3033700","1545839","1702967","2357121","2967040","1125962","1456938","1084392"
"Dimethyl cyclohexane-1,4-dicarboxylate","5121135","3260513","6098749","4738088","5764355","4744549","3083666","4345066","3099515","4774138","4273729","5898772","3912116","4369878","4470492","4703207","3544964","4580370","3274182","4941218","4739287","4487379","5243759","5430414"
"DL-4-Hydroxyphenyllactic acid"," 617316"," 469718"," 556956","1434226"," 265846","1125593","1204550"," 605628","2734670","1211284"," 891794","1835986"," 850183"," 395189"," 670921"," 496666"," 942758","1158200"," 711045","1419614","3096908","1469693"," 918620"," 769097"
"DL-Metanephrine","11764605"," 6722222","14806058","15725515","35717325"," 6270062"," 2735062"," 4595712","15899140"," 4972678","19714713"," 8305420"," 6166896"," 2551498"," 6095014"," 7901177","14639781"," 4253718"," 2187097"," 1347917"," 7736488"," 3233827","10848552"," 2192317"
"DL-Stachydrine","100432934"," 43146244"," 57509831"," 87402118"," 68442334","108355549"," 73206159"," 57216389"," 90283228"," 62743486"," 88742141"," 87000014"," 29321543","110730044"," 84000955"," 83086118","147662297"," 70018444","165631062","132092800","115528355","  5936125","106258272","184665047"
"DL-Stachydrine.1"," 542298"," 241541"," 661907"," 858309"," 395304","1230612"," 823947"," 911434"," 745099","1015120","1379502","4814922","8749114"," 265838","1053542"," 927081"," 723379"," 424603"," 791867","1023223","2649454"," 446094","1399929"," 837679"
"Ethyl palmitoleate","4715002","6125491","4604628","3870981","5106852","4039882","1534638","1968539","2923390"," 709655","1995646","2822904","1866637","1454022","2091924","1698090","2027473","1166483","1348178","3437870","2082445","8816359","4576556","2676867"
"Ethyl palmitoleate.1"," 9000765","12474937"," 2253338"," 5435502"," 5339346","20638829"," 1769077"," 7334467"," 1322470"," 2163616"," 1629905"," 7354111"," 2050449"," 2195952"," 3236274"," 1342709"," 1431784"," 1842273","  534967","14032119"," 1625473","12968699"," 3757152"," 4596536"
"GNH"," 630549"," 500833"," 866642"," 729087","1169312","1210546"," 395507"," 488705"," 541526"," 387274"," 497553"," 590145"," 728015"," 371706"," 618582"," 698173"," 428143"," 611689"," 347033"," 743306"," 471189"," 542503"," 739652"," 633844"
"Hexanoylcarnitine"," 9793301","17406797"," 7347142"," 9086588","10590412"," 9861310","10872962","10171083","14394083"," 2752817","11213391"," 8428164"," 6220609"," 6351822","14663335","16303968","18402444"," 8968214","11821714"," 9397111"," 4310112","19112687","19353326"," 8231831"
"Hypoglycin A","17706679","10046950","12211523"," 9577120"," 4747089","17538148"," 4460452","17912975"," 3079847"," 4128300"," 8829901"," 2454771"," 8244615"," 5476195"," 3212237"," 9497217"," 6809362"," 4294686"," 4771860"," 7511635"," 6875520"," 6135846"," 9026548"," 4376544"
"Indan-1-one 1-(4,5-dihydro-1H-imidazol-2-yl)hydrazone"," 59389004"," 64612397"," 18654607"," 16581061"," 17227163","210633495"," 59027148"," 13802332"," 31621768"," 55925857"," 21530240"," 50619947"," 55193461"," 29138176"," 12279941"," 56705928"," 28208906"," 39166550"," 24070430"," 61970428"," 39913833"," 36898077"," 27230581"," 22679394"
"L-Ascorbic acid 2-sulfate"," 4882178"," 5950492"," 2798914"," 2541636"," 6046321"," 9218782"," 8820900"," 2887710","13537444"," 1152809"," 2326349"," 3887426"," 2429253"," 3097800"," 3340346"," 3050951"," 6301338"," 3766549"," 3151875"," 1380437"," 4800482"," 2172414"," 2500564","  878540"
"Linoleoyl Ethanolamide"," 577851","3185413","1122756","1325941","2075491","1187639","2561218"," 868122","5824123"," 333037","1375766","1151003","1613478","1031591","2017778","1341433","1845330","1227199"," 709176"," 594203"," 454302"," 778917"," 495387"," 623473"
"L-Tyrosine methyl ester","21134194"," 9407938","12974970","10689644"," 9132811","34860859"," 9712470"," 9101470"," 9854936","14999808"," 7514675","14110384","12805507","10587851"," 9185728","10594642"," 8204601"," 7615949"," 6138425","12236196"," 3300971"," 3772805"," 3519057"," 2737615"
"mesityl (4-methylphenyl) sulfone","32933192","26846992","13495485","15803976","14815339","86623698","21419947","12177024","13200578","33152233","16360960","11434847","13012498"," 8551445"," 9145830","15038594","13228645","13242055","10202586","23045347","10640831","18326585","10934626","10608528"
"Methyprylon"," 2081874"," 1833790"," 1382552"," 1464914"," 1308355","10051117"," 1024936"," 7692818"," 8616062","  716152","  294510","  458759","  756934"," 1281575"," 2667956"," 1438279"," 2154514"," 2286730","  962923"," 4747246"," 4072369"," 3466239"," 1870053"," 4159370"
"Mevalonolactone"," 38198031"," 96021582"," 32957158"," 56710541"," 48898841","118833646"," 41414730"," 34862014"," 39284022"," 17165739"," 33039186"," 40815786"," 26042088"," 18649470"," 33098191"," 25650627"," 28722174"," 37577674"," 26740896"," 21478012"," 71981717"," 67282124"," 36932103"," 31812259"
"Monoolein","109293990","131605021"," 29702113"," 24554873"," 21719612"," 28336824"," 15029408"," 18373388"," 62020243","  2544332"," 23868900","  9948965"," 17189170","  8430561"," 30658073"," 24474622"," 42746279"," 14749001"," 14179150"," 15530662"," 19692667"," 65924145"," 28714170"," 14085233"
"Monoolein.1","1796596.0","1720447.0"," 898438.0"," 841760.0","1561793.0","1152925.0"," 842394.0","1469635.0","1450654.0"," 116720.2"," 707891.0"," 851466.0","1304795.0"," 666698.0"," 693858.0"," 933317.0","1379966.0"," 583601.0"," 668687.0","1198879.0"," 719683.0","2975301.0"," 990482.0","1057931.0"
"Monoolein.2","156899266","160358008"," 38365028"," 45256968"," 29635368"," 31878765"," 34978018"," 38088958","103822781","  4523298"," 87135275"," 28817191"," 28549568"," 15637612"," 61454781"," 55688116"," 90103102"," 50111796"," 43912216"," 38699160"," 69883537","195367240"," 53305814"," 22942841"
"N-(2-Methoxyethyl)-3-{5-[(2S)-1-methyl-2-pyrrolidinyl]-1,2,4-oxadiazol-3-yl}-2-pyridinamine"," 4875212","  849686","  810665","  481713","  517020"," 5589080","  749689","11528262","  778949","  698385","  470150"," 1089912","  416703","  198939","  752524","  983587","  819276","  584644"," 1544639"," 2874252"," 2768880"," 1211346"," 2428948","  916392"
"N,N-Diethylethanolamine"," 900289"," 228052"," 177238"," 115016"," 248325","3326417"," 495977"," 188253"," 170522"," 130161"," 133272"," 428299"," 490981"," 190678"," 185454"," 291850"," 106089"," 172064"," 124213"," 349932"," 124786"," 156070"," 488791"," 382979"
"N,N-Diethylethanolamine.1"," 233702"," 206110","  63518"," 135372"," 216927","1015760"," 319991"," 197897"," 202296"," 125475","  81073"," 123666"," 103432","  73243","  63050"," 179734"," 100497"," 102037","  71665"," 171864","  98904"," 120853"," 103748","  85582"
"N,N-dimethyl-N'-[2-(5-oxo-4,5-dihydro-1H-pyrazol-4-yl)phenyl]iminoformamide"," 3831417.0"," 3439424.0"," 2160811.0"," 2127986.0"," 3005100.0","11898109.0"," 3160794.0"," 2097326.0"," 2244100.0"," 4348505.0"," 2894890.0"," 4131624.0"," 2830189.0"," 1718113.0","  343622.6"," 3318245.0"," 2690291.0"," 2663719.0"," 1723647.0"," 4333787.0"," 2525649.0"," 2489434.0"," 2035794.0"," 2306860.0"
"N1-(1,3,5-Trimethyl-1H-pyrazol-4-yl)-2-cyano-3-(dimethylamino)acrylamide","19836158","13282537"," 5160099"," 4993623","12651263","15358828","17823355","16616012","26526608"," 5674622"," 6870506"," 5641638"," 4059897"," 6507603","13821416","18391454","17657737"," 5928390"," 8489506","18354897"," 7592121"," 7665972"," 7406692","12696258"
"N6,N6,N6-Trimethyl-L-lysine","184247467","108634359"," 85243373","126550562","170615989","199427767","119738810","143210280","138963029","134950681","154926472","174500634"," 81742812"," 66740798","152392873","104038665","127315671","122826462","114031254","114619979","121120104","125229288"," 55250784"," 93479583"
"N-Acetylputrescine"," 9008992"," 6372533"," 2832692"," 4610868"," 5510065","11902067"," 4449761"," 2264328"," 4667523"," 1864165"," 6827695"," 3007509"," 2573547"," 1930943"," 9829620"," 5205807"," 4706243","14303378"," 8721800"," 2689421"," 2709966"," 5138002"," 1907079"," 6244990"
"N-Acetyltyramine","10015157"," 5739865","12701488","13436841","30340430"," 5357232"," 2348414"," 3939794","13479983"," 4282903","16893788"," 7116870"," 5347520"," 2204202"," 5217070"," 6788779","12521371"," 3649490"," 1864960"," 1139190"," 6635395"," 2788632"," 9232118"," 1853152"
"N-Benzylformamide","22317858","12770296","30416607","33232160","18311498","54421426","45070732","29676121","78996307","27766463","31230103","45867937","19849311","15528018","20452850","20878606","19326439","27999686","21618091","25414829","55623344","39605208","18567957","28742969"
"Nicotinuric acid","342738"," 32671","151482","118144"," 40253","131930","116923"," 24257","231601"," 84036","133904","590570"," 46140","  7831"," 78697"," 94822"," 86192","287117","269961"," 55627","600746","160854","  7107"," 73289"
"Nicotinuric acid.1"," 962022"," 628308","1147845","1026240","1217044","1126850"," 470637","1223900","2018759"," 779040","1352113","2319851"," 809047"," 655231","1072583"," 997106","1043925","1391288","1020768"," 819519","1172561","1220778"," 656443"," 612227"
"N-Methyloctan-1-amine","10761479"," 4923221"," 3518641"," 5840329"," 4387138","15830531"," 3179462"," 4521743"," 2972755"," 3856932"," 4232853"," 3316031"," 3124267"," 2843060"," 2776677"," 3821854"," 2506987"," 3258223"," 2958129"," 4127260"," 1987223"," 2208567"," 5206890"," 6157780"
"Nor-9-carboxy-_9-THC"," 3107400"," 2757748"," 6673535"," 8590261","10700666"," 3956861"," 4268185"," 3447447","  713312","  591836"," 3500346"," 1948207"," 3932310"," 3132192"," 1373706"," 2931243"," 1631720"," 1591338","  690608"," 1107274"," 5837718"," 3051083"," 3176661","  653623"
"Noroxycodone-d3","145012996"," 73326256"," 37102076"," 70341024"," 52883495","102394386","126697117","285391175"," 51696541"," 34402726"," 53469892"," 36025754"," 23177776"," 23005952","267302014"," 33499629"," 27749351"," 64849559"," 60481467","113580544"," 25274035"," 40584655"," 84283188"," 83922055"
"NP-005614"," 263031"," 135570"," 268346","1416197","1475949"," 557991"," 569798","1130912"," 864596"," 150177","1547338"," 605963"," 301147"," 376200","1040024"," 269836"," 630895"," 267003"," 644314"," 550765"," 478665"," 288717"," 240933"," 353750"
"Oleoyl ethanolamide"," 1811374","14817196"," 3972292"," 1781066"," 4721134"," 1557466"," 1693204"," 1307920"," 5321061","  233358"," 2526465"," 1744763"," 2523160","  702120"," 2789959"," 2262080"," 3020722"," 2278573"," 1089067","  507678","  755110"," 1896751"," 1249978","  832288"
"PEG n12","349047093","194661607","197240103","257789875","235649182","513765080","160117966","328613638","143966429","206782854","230419807"," 94797173","104987344","115860042","231184365","133988961","106316074","126335056","124191996","178693393"," 93341706","124631005","184465418","166350693"
"PEG n6","2017761322"," 923147600"," 393696581"," 841256447"," 546803782","1202240795","1666208137","4338314164"," 561623101"," 389768665"," 628242146"," 421493263"," 234313349"," 241226843","4023097251"," 292267475"," 283964436"," 725231404"," 728621537","1335207751"," 271276886"," 393947334"," 949984014"," 822205675"
"PEG n7","1730027858"," 850862639"," 322866827"," 650138103"," 470745728","1215473886","1663425000","4159096709"," 499774275"," 289575141"," 525961690"," 305415445"," 150006571"," 168182133","3458982834"," 208044241"," 214407756"," 581265458"," 598650117","1118686543"," 209885466"," 301059657"," 751320196"," 617156530"
"PEG n8","1263996369"," 630693349"," 301863377"," 550531920"," 470853189","1096990004","1058204878","3275073538"," 390059781"," 279350165"," 467582344"," 250974113"," 142229333"," 154563874","2596663565"," 192780955"," 173649022"," 460848378"," 447368835"," 891584621"," 186966443"," 210639954"," 616944737"," 525856746"
"Perfluoro-1-octanesulfonic acid (PFOS)","1047085"," 168854"," 642689"," 359378"," 323966","7047156"," 510827","3988983"," 649356"," 309223"," 420614"," 489475"," 640442","1267488","1132222","1370777","4636158"," 860647","1759079","3208095","1368223","1955254","1665857","1476613"
"Perillartine","3068543","1831994","3889460","3168413","3567825","4207807","2487096","2859175","2555429","2716821","2861781","4057270","2687126","3012666","2892371","3469000","2292041","3255974","2213204","3404858","3333248","3117715","3669084","4050633"
"Phloroglucinol","22637478","11351797","15260143","10024805","10901107","14647432","12095509"," 8549979","12575712"," 9215130","13841645","13194099","15657435","18055627","12439277","15449091","16005631","13582539","16545528","22590608"," 9966101","15672436","23247490","18696945"
"Putrescine","19135508","17353340","30098979","40317413","20495645","24996304","31588071","14611490","31950876","18411855","56693894","34141746","15187466"," 7902965","41680051","17086666","56165933","43298469","62799513","10081135","31093281","14189820","  474620","14952888"
"Pyridoxamine 5-phosphate","3080683","4244103","5468730","4457811","3981732","4368189","4300588","3848350","5901064","3279565","4737128","4946981","5174486","3751342","3919177","4026083","3501528","4394830","3722053","5003522","5142599","4640702","3929435","4011026"
"Pyroquilon"," 983159"," 978515","1817550","1449012","1039289","1414598","1408769"," 999346","2021233"," 982542","1194062","1246320","1366355","1040217"," 965402","1023771"," 861385","1152568","1284117","1345726","1586445","1387657","1086830"," 951170"
"Quinoline","1548078","1689243","2599473","2015949","1880189","2144065","1941148","1761410","2892702","1324806","2298476","2099061","2153572","1328025","2070170","1801032","1314706","1878701","1725784","2294798","2336401","1921988","1745589","1677311"
"Quinoline.1"," 592104"," 651335"," 550421"," 644897"," 727200","1047018","1241542"," 306173","1424331"," 821969","1940529","2210528","1385317"," 942856"," 686339","1456555"," 582444","1706125","1376432","1016042","1898703","1069938","1217387"," 996708"
"Thromboxane B2"," 481004"," 411491","1430728","1230839","1017972","2571347","1716595"," 420346","5881139","1635362"," 204050"," 661945"," 151506"," 282316","1446579"," 141976"," 293299","1211204"," 966161"," 184047","1126383"," 160184","8927977"," 225027"
"Tranexamic acid","1785963"," 474491"," 922495","1002731"," 688702","2721880"," 264458","1192683"," 837889"," 288375"," 783126"," 783941","2187369"," 196056"," 733182"," 583912"," 922525","1593050"," 370248","2140117","1804817"," 548979"," 653840","1123657"
"trans,trans-2,4-Heptadienal","1737874","1462445","2110526","2647607","2442269","5384345","1601254","1845915","1791405","1868398","2962370","2826948","2654693","1814215","1711560","2103430","1685849","2138135","1725703","2623293","2085684","1840485","2013913","2721355"
"Tris(2-butoxyethyl) phosphate"," 5162514"," 2434782","  747246","22768731"," 2152888"," 5445866"," 1367574"," 3789879"," 3414153"," 1664104","  874991"," 3567529"," 1125272","  868745"," 1726735"," 1294758"," 3292510","  917453","  732671"," 1767729","  643319"," 1496247","  926691","  843608"
"Vindoline"," 355140.0","1239055.0"," 963224.0"," 651831.0"," 949149.0"," 368702.0"," 335588.0"," 346981.0"," 607443.0","  45299.4"," 987010.0"," 609400.0"," 392365.0"," 313802.0"," 611384.0"," 435238.0"," 835553.0"," 329407.0"," 377981.0"," 244734.0"," 443731.0","1089223.0"," 226497.0"," 235100.0"
"_-Hydroxynorfentanyl"," 714740","2197267"," 555630","2234833","9991927","6589994","3285035"," 816823","3041460","1386309"," 602996","9399438","3291522"," 667376"," 499157"," 899775","1091230","1257705","3379977","1772651","6445548","1258328"," 680407"," 878729"
