"","a_SUMJUV20_1","a_SUMJUV20_2","a_SUMJUV20_3","a_SUMJUV20_4","SUMJUV20_5","FALLJUV20_1","FALLJUV20_2","FALLJUV20_3","FALLJUV20_4","WINTERJUV21_1","WINTERJUV21_2","WINTERJUV21_3","WINTERJUV21_4","WINTERJUV21_5","SPRINGAD21_1","SPRINGAD21_2","SPRINGAD21_3","SPRINGAD21_4","SPRINGAD21_5","SUMAD21_1","SUMAD21_2","SUMAD21_3","SUMAD21_4","SUMAD21_5"
"1-Methyl Adenosine"," 1.12028615"," 0.50604792"," 0.64305893"," 0.25103200"," 1.34050801"," 0.41995529","-1.25508106"," 2.40033185","-0.87255729","-1.64779248","-0.91924749","-1.74917872"," 0.01730763"," 0.00460534"," 0.31299846"," 0.10540936"," 0.93514188","-0.31454704","-0.23891529"," 0.95263574","-0.74942062","-0.65703905"," 0.43779503","-1.04333456"
"3-Hydroxy-2-methyl-4-pyrone"," 1.77260268"," 1.02087009"," 0.01895445"," 0.22075467"," 1.54747358","-0.61629859"," 0.29360318"," 1.02710505"," 0.23492666","-1.00417848","-0.50063781","-0.29619717","-0.46463326"," 0.96407421","-0.43917352","-0.54801154"," 0.57531889","-2.15098571","-0.61460838"," 0.78600248","-0.98134129","-0.53889042"," 1.35606663","-1.66279641"
"3-Methylhistidine","-0.59880604"," 0.35064101","-0.97783339","-0.99235119","-2.07345863","-0.07445797","-0.77513963"," 1.22623550","-2.33704899"," 0.29545223"," 0.45368357"," 0.87738034"," 0.06603889","-0.82257143"," 0.52773279"," 1.42262641"," 0.77838481","-0.20492367"," 0.24633002","-0.07519194"," 1.70453841"," 0.89161927"," 0.39300002","-0.30188037"
"4-Hydroxyproline","-0.74415964"," 0.05335270","-0.05825961","-0.72231423","-0.61732237"," 0.51279297","-0.45581681"," 0.34910146","-1.05608120"," 0.32041704","-0.82838673"," 3.60417907","-0.06054238","-0.53112427","-0.49630117"," 0.48870649","-0.44546197"," 0.04679330"," 1.76327053","-0.19957191"," 0.84807943","-0.27105227","-0.67393637","-0.82636205"
"7-Methylguanine"," 1.03537913"," 1.13537091","-0.15285087"," 0.94584398"," 1.01814842","-0.26694826","-1.51673562"," 1.83874244","-1.32802975","-1.30471846"," 1.04596058","-1.11906805","-0.26870551","-1.04238890"," 0.85076472"," 0.08514737"," 1.32226621"," 0.31881472"," 0.71877243","-0.23679778","-0.84956933","-1.15514506","-0.24251977","-0.83173354"
"Adipic acid"," 1.18365180"," 0.77826028"," 1.44935408"," 1.75903469","-0.18796862"," 1.73048978","-0.50088686"," 0.65124128"," 1.91049769","-0.35539082","-1.31659949","-0.47911581","-1.04194567","-0.78599661","-0.78264867","-0.57908901","-0.03212012"," 0.02153867","-1.55702306","-0.45432784","-0.60050715","-0.79037411","-0.21640176"," 0.19632732"
"Allantoin"," 2.59215043","-0.03132375","-0.19290469"," 0.67181348","-0.24738075","-0.66947953","-0.56288378"," 1.68220313"," 0.17129121"," 0.35507195"," 0.27305455"," 0.59919929","-0.84724265","-2.47687323"," 0.01526502"," 0.22080770","-0.24605370"," 0.24804753"," 0.59658594"," 0.28607350"," 0.19455175","-0.71695868","-1.87922169","-0.03579301"
"Allopurinol","-0.97320869","-0.16998482","-1.00763207","-2.09067867","-2.30466766"," 0.11184562"," 0.45633197"," 0.86830807","-0.03528276","-0.38495979"," 0.86701424"," 1.20373193"," 0.17887646","-0.79651415"," 0.69124377"," 0.88152377"," 0.94787585","-0.36405284"," 1.03162055"," 1.56207824"," 0.70254223","-0.96496737","-0.07226536","-0.33877850"
"Arginine"," 0.0898705","-2.2914710"," 0.8376342"," 0.8468012"," 0.8381245","-0.7526671"," 0.4006340","-0.6362565"," 1.0737228"," 1.0296983"," 0.6846835"," 0.9007307"," 0.3323687"," 0.6174876"," 0.1812653","-0.5307397","-1.8479923"," 0.9672441","-0.3490143"," 0.5113780","-0.7813164","-2.0791125","-0.5316715"," 0.4885982"
"Carnitine","-2.66208834","-1.44986784","-0.32569026","-0.80327955","-0.68640191","-0.47583742"," 0.25722320","-0.03559202"," 0.37679171"," 1.38610955","-0.64501757","-0.21467997","-0.68101572","-0.85998058"," 1.39323047"," 1.88727803"," 0.86028089"," 0.62320235"," 1.00234136"," 0.56288177"," 0.48930655","-0.48001182"," 0.35821928"," 0.12259783"
"Citric acid"," 0.93411901"," 1.15811860","-1.08502817","-0.08108059","-0.92040907"," 1.34953755"," 1.56106576"," 0.68969091"," 1.39994228","-1.07036447","-0.04571597","-0.56060354"," 0.07159668"," 1.40491471"," 0.34427900","-0.73997559"," 1.08791741","-1.41951895","-0.46392252","-1.16262491","-1.11537309"," 0.39518774","-0.48561537","-1.24613743"
"Citrulline"," 2.25821514","-1.49385898","-0.23127930"," 0.48229097","-0.10826920","-0.45649354"," 0.17113024","-1.53214601"," 0.97700883"," 2.25751311"," 0.14117194"," 1.30428242","-0.43516279","-0.20356604"," 0.15127657","-0.13736327","-0.97518665"," 0.21615063","-0.79225021"," 0.05428745","-0.28282899"," 0.43661310","-1.68167450","-0.11986089"
"Cortisone"," 0.29079028"," 0.84951551"," 2.23752475"," 1.57359884"," 1.07524414","-0.63579958"," 0.11969593"," 0.50854421","-1.79459578","-0.47173749","-0.04589502"," 0.12426186"," 0.38666747"," 0.62296751"," 0.37393428"," 0.03322223"," 0.18981511","-1.60572972","-0.36487468","-0.59007998","-0.01705336"," 0.44011661","-1.60912806","-1.69100505"
"Cotinine","-1.8878610","-0.4761830"," 0.1368104","-0.1556474","-0.1157305","-0.4086605"," 0.2774624"," 0.8927360","-0.3337747","-3.5652680"," 0.2993862"," 0.3460914"," 0.6706766"," 1.1146435","-0.2367623","-0.1983727","-0.2468598"," 0.7648496"," 0.1130151"," 0.7261099"," 0.0905023"," 0.1601220"," 0.9589459"," 1.0737688"
"Dodecanedioic acid"," 0.1902909"," 1.7305011","-0.9253559"," 0.2254868","-1.3561990"," 1.8926037"," 0.2186003","-0.1078767"," 0.1961125"," 1.1527202","-1.7088278"," 0.6565837","-1.4457882","-0.7393439"," 0.3707246","-0.3396780"," 0.4499008","-1.1422923","-1.7467261"," 0.7385749"," 0.1583440"," 0.7101904"," 0.4466862"," 0.3747679"
"Galactonic acid"," 1.6313205"," 1.8694349"," 1.1205966"," 1.4617840","-0.4188686"," 0.1198166"," 0.2975894"," 0.9422947"," 1.1912305","-0.8567931","-0.7000940","-0.5534287"," 0.3858255","-0.3450210","-0.7933410","-1.3880319"," 0.4380843","-1.1843132"," 0.5794200","-1.5237538","-0.8589601","-1.0711416"," 0.2253120","-0.5689619"
"Glutamic acid","-0.59852932","-0.05028772","-1.17806721","-0.23919749"," 0.26189615"," 0.34969482"," 1.25536782","-0.65105887"," 0.43166856"," 2.16772784","-0.57293963","-0.99733989","-0.56198358","-0.40620772"," 2.26238333"," 0.41533487"," 1.09801340"," 0.77312592","-0.02296918","-1.07958088"," 0.63510329","-1.18858546","-1.16461479","-0.93895427"
"Glutathione disulfide"," 0.9782667"," 1.3580913"," 1.0456766"," 1.0917654"," 1.3117097"," 0.8933088"," 0.4884534"," 0.4894075"," 0.9183085"," 1.2797385","-1.1964373","-0.4155277","-1.3646174","-0.8267714"," 0.3415599","-0.3716775","-0.1817621","-0.3214946","-0.5001236","-0.1670224","-0.9947302","-0.2403500","-1.9348505","-1.6809215"
"Hexadecanedioic acid"," 1.2033160"," 2.4948084"," 0.5397225"," 0.2732143","-0.4344296"," 1.3947526","-0.4517591"," 0.4299450","-0.4153343"," 0.3867377","-1.8675662","-0.5945894","-1.2124594"," 0.2489386","-0.2959356","-1.2172283"," 0.5654253","-1.2016086","-1.2715650"," 0.3854382","-0.3239906"," 1.2041624"," 0.2769366","-0.1169315"
"Hexanoyl Glycine","-0.53711919","-0.83497572","-1.70125517","-0.49620123","-1.18948273"," 0.54780610"," 1.15115324"," 0.86252573"," 2.37485776"," 0.82414896","-0.52879703","-0.11016974"," 0.47767731"," 0.41093103"," 1.44464582","-0.26844431","-0.56726239"," 0.27274164","-0.04713061","-1.11822229"," 0.23564402"," 0.31366800","-1.97692379"," 0.46018459"
"Histidine","-1.83558521","-0.42422421"," 0.41754170"," 0.21184695"," 0.08294408","-0.03340890"," 0.79612538","-2.41908264"," 1.21060436","-0.04930664"," 0.32275857"," 0.14250980"," 0.84432915"," 0.63905829","-0.47867460"," 1.53634256","-1.13186504"," 1.12066325"," 1.14482524","-1.41892392","-1.08343482"," 0.00932639","-0.20297962"," 0.59860988"
"Hypoxanthine"," 0.60914432"," 0.96620688"," 0.53184250","-0.74137460"," 0.65119470"," 0.14866567"," 0.16413236","-1.41619172"," 0.31949784"," 2.00231294"," 0.01872969","-0.48989570","-0.05092618"," 0.14747119"," 1.18262786"," 0.38721300"," 0.72231529","-0.50594380","-0.31930912","-2.07565460"," 0.96046437","-2.18683298"," 0.20856439","-1.23425430"
"Inosine","-1.00867404","-0.18257356","-0.72159941","-2.34547503","-2.32444846"," 0.28840031"," 0.36327329"," 0.89163174","-0.16362957","-0.14430737"," 1.02198177"," 1.09800942"," 0.21496223","-1.06829675"," 0.72061991"," 0.92104159"," 0.91117606","-0.52442251"," 0.67837907"," 1.49700700"," 0.65967883","-0.63413374","-0.01731393","-0.13128684"
"Isoleucine","-0.15387579","-2.18551442"," 0.24982138","-0.69238690","-2.07340010"," 0.11286240"," 1.23832023"," 0.48623630"," 2.14679607","-0.07876943"," 0.03918523"," 1.30124497","-0.52015667"," 0.09794421","-0.43230498","-0.01573120"," 0.10612454"," 0.65564614"," 0.18955492"," 0.48727357"," 1.09876830","-0.71602879","-1.52666666"," 0.18505666"
"Lactic acid","-0.887233635"," 0.620260414","-0.484656459"," 0.652662212"," 0.178832387"," 0.042484484"," 1.289735548","-1.917473945","-0.007777321"," 1.571011195"," 0.065711866"," 0.094318509"," 0.892363891","-0.820131224"," 0.815762204"," 0.235406521"," 0.080178085","-0.456865786"," 0.754244036","-2.814984920","-0.630174782","-0.075713997"," 1.320121440","-0.518080723"
"Leucine","-0.23787859","-2.15411081"," 0.24838233","-0.58192323","-1.86113386"," 0.29582417"," 1.17920887"," 0.35832729"," 2.39852404"," 0.01207271"," 0.13802444"," 1.56818196","-0.73429621"," 0.11425689","-0.53024599"," 0.03391410","-0.12647363"," 0.50018627","-0.08704860"," 0.43471059"," 0.99795399","-0.67342719","-1.36018550"," 0.06715594"
"Linoleic acid"," 1.12325500"," 0.89467428"," 0.81852784"," 0.97657423"," 0.63999128","-1.45400421","-0.07995076","-0.85405710"," 1.35734692","-2.68663332","-0.07297978","-0.25200996"," 0.26261348"," 1.32457032"," 0.46586474","-0.91032203"," 0.95149574","-0.28549960","-0.10318600","-0.65291190","-0.78500931"," 0.85345026","-0.52648698","-1.00531314"
"Methionine","-1.64459027","-1.43639465"," 0.09624112"," 0.72461139","-0.13623014"," 0.05958193"," 0.77720204"," 0.28421055"," 1.54829785"," 1.83802318"," 0.35659064"," 1.41745919"," 0.43629086"," 0.04235926"," 0.55983795","-0.83201960","-0.67848103","-0.54042677","-0.25549953","-0.19837547"," 1.29132837","-0.84582701","-1.95139510","-0.91279478"
"Myristoylcarnitine"," 0.57317633"," 2.13881073"," 1.14504536"," 0.77259397"," 0.50475981"," 0.11884668","-0.50126772"," 0.89905953"," 0.63449920","-1.93089503","-0.95011023","-0.52202135","-1.31923909","-0.82492262"," 0.17087624"," 0.06506209","-0.09475377","-0.08294884","-0.79353202","-0.30201351","-0.92156262"," 1.80364713"," 0.73088506","-1.31399534"
"N8-Acetylspermidine"," 1.3678267"," 0.8047402"," 0.6019593"," 0.7854818"," 0.4876851"," 0.3024077"," 0.2423264"," 1.2377229"," 0.8865248","-2.1842526","-0.7217120","-1.1099460"," 0.7942407"," 0.8656134","-2.5078239","-0.3677215","-0.0850499","-0.8554751","-0.8158761","-0.1368921"," 0.8207101","-0.4913664"," 0.2907547","-0.2118782"
"N-Acetyl-glycine","-0.11104346"," 0.28017117","-1.36128942"," 1.33822355","-0.71850365","-0.83660244","-0.89232172"," 2.32287020","-0.25572669"," 0.06790087","-0.37415024","-0.94671498","-0.83059499"," 0.41235534","-0.15079240","-0.24843704"," 2.62457422","-0.04768650","-1.22480310"," 0.81429572","-0.22185559"," 0.44608620"," 0.45735617","-0.54331123"
"N-Acetyl-ornithine"," 0.08782986"," 0.07858494","-0.72705092","-0.66213711","-0.41887716","-0.47268699","-0.81200839","-0.63886812","-1.45443593"," 0.09351893","-0.78954653"," 0.86188700","-1.17354040","-1.52162966","-0.09962721","-0.53797294"," 0.13069169"," 0.03835371"," 0.85853642"," 0.16532747"," 1.56124386"," 1.72499172"," 1.82280765"," 1.88460812"
"Nicotine amide"," 1.45834716"," 1.66106441"," 0.63248643","-0.82251981"," 1.37407619"," 0.10271352","-0.36418029"," 0.51433173"," 1.30887042","-0.76085518","-0.40165112","-2.20284465","-0.89557768"," 0.85114799","-0.48101488"," 0.80683504","-1.00551392"," 0.07550233","-1.44144468"," 0.56377522","-0.55489590","-0.75740131"," 0.75059913","-0.41185014"
"Nicotinic acid"," 1.2082988","-1.5939593"," 0.7466476"," 0.8255588","-0.5541812","-0.1543269"," 0.5950257","-1.4238593"," 0.1621133"," 0.1544932"," 0.1615907"," 1.5928258","-0.3635196","-1.6885909","-0.2321319","-0.2602249","-0.9772300"," 0.5442997"," 0.7799597","-0.7861528"," 2.1349108","-0.3533990","-1.2677572"," 0.7496089"
"Pantothenic acid","-0.35074878","-0.71011586"," 0.56027844","-0.33968930"," 1.76563477"," 1.28106674"," 1.11518377","-0.01209251"," 1.37119810"," 0.00771806"," 0.25772861","-2.35632509"," 0.68750768","-0.37995760"," 0.56122556","-1.32505131"," 0.64416452","-0.11104570"," 0.08369352","-0.67450725","-0.97923062","-1.89125016"," 0.31467587"," 0.47993852"
"Phenylalanine","-1.00864138","-2.43531863"," 0.32590385","-0.65523453","-1.62386094","-0.58464574"," 0.40810312","-0.03389744"," 1.30153575","-0.42071792","-0.13375619"," 0.79573099","-0.72549832","-0.09003648"," 0.32420180"," 0.30746355"," 0.21520342"," 1.14443000"," 0.79491775","-0.01350417"," 2.15482179","-0.12711799","-1.06977017"," 1.14968789"
"Pipecolinic acid","-1.977098386","-0.183350882","-1.130035515","-0.298382999","-1.089282600","-0.310047573"," 0.004424491","-0.979173595","-0.620616783","-0.341580120"," 1.440555323"," 0.703095345"," 0.515302979"," 1.140758785"," 0.138809114"," 0.803799752","-1.105998395"," 1.891523976","-0.191899051"," 1.319184292","-1.518598385"," 0.705868504"," 0.243338610"," 0.839403114"
"Pyroglutamic acid","-0.48130199","-0.65971750","-0.41043897","-0.11902212"," 0.36538117","-0.77400933"," 1.84720567","-0.31404955"," 1.02584645","-1.09606409"," 0.55543125","-0.70423491"," 0.08379376"," 1.02660077","-0.77929365"," 0.53966101"," 0.86431441","-1.17721733"," 1.15750026","-1.06545330"," 0.57201223"," 1.10778137","-2.44113276"," 0.87640714"
"Sebacic acid"," 0.933384654"," 2.079756338","-0.841670754"," 0.284760864","-0.983049638"," 1.871508773","-0.890343408"," 0.720965317","-1.693766217"," 1.067080994","-1.146202309","-0.312527039","-1.403145875"," 0.276392843"," 0.003977522","-0.444334218"," 0.200058744","-0.456228649","-0.871344768"," 0.987509595","-0.661660411"," 0.161421838"," 1.058760487"," 0.058695317"
"Succinic acid"," 0.75293331"," 0.72976279","-0.47948125","-0.04047301","-2.50167490"," 0.34103609"," 1.09885299","-0.30173020"," 1.03235471"," 0.24991387"," 0.06443682","-0.70398338"," 0.94880185","-1.09437898","-0.32276072","-0.14283286"," 0.91334806","-0.08519040"," 0.69708159","-1.49643772","-2.04618536"," 0.61873832"," 1.35630582"," 0.41156255"
"Tetradecanedioic acid"," 0.69688755"," 2.36858401"," 0.33582003"," 0.50168590","-0.37146641"," 1.49398215","-0.13789196"," 0.69617531","-0.19384522"," 0.54004104","-2.10315735","-0.26422253","-1.28891207","-0.09175773"," 0.02369441","-1.20576754"," 0.09535377","-1.40747296","-1.38730134"," 0.33610766"," 0.08331830"," 1.27305360","-0.17578060"," 0.18287198"
"Thiamine"," 0.17751553"," 1.64530420","-0.72677274","-0.11148700","-0.08318824"," 1.01524317","-0.46555905"," 0.38283031"," 0.18239205"," 0.34938828"," 1.07060267","-0.20802571","-0.09628198"," 0.77313455"," 1.59618238","-0.04902775"," 0.50783637"," 0.36715242","-0.19198273","-1.21275617","-1.08670948","-1.80523894"," 0.63034668","-2.66089882"
"Threonine","-2.27934087","-2.35464699"," 0.08621683"," 0.01251189","-0.68948232","-0.45328261"," 0.39110668","-0.18755884"," 0.13630747"," 1.33577805"," 0.50683447"," 1.19106917"," 0.89585760","-0.08646443"," 0.40132808"," 0.12924507"," 0.26509303"," 0.73924975"," 0.32989631","-0.38219399"," 1.23899647"," 0.19953048","-2.02718695"," 0.60113563"
"Trimethylamine N-Oxide"," 0.34023760","-0.54117537","-1.22802153","-0.48880734","-0.87510819","-0.35273986","-1.05470149","-0.67853050","-1.46806212"," 0.35390604"," 0.03238241"," 0.42842751"," 0.44604743","-0.71474990"," 0.14180010"," 0.09824324","-0.94616029"," 3.11015585"," 1.25193645","-0.33677360","-0.19489259"," 1.14821559"," 0.31511423"," 1.21325634"
"Tryptophan","-2.01921855","-2.03511899"," 0.86363881"," 0.25022140","-0.77661133","-1.22572697"," 0.79575730","-0.42067454"," 1.73364262","-0.13529646"," 0.48530472","-0.01055839"," 1.20551455"," 0.03951755"," 0.40584886","-0.07240554","-1.38344412"," 0.48248118"," 0.39820999"," 1.03748488"," 1.46728036","-0.21552280","-0.10893138","-0.76139314"
"Tyrosine","-0.83604613","-2.19220795"," 0.13888971"," 0.31789566","-0.92381591"," 0.41683060"," 1.27010282","-0.28111265"," 2.35750000"," 1.22278282","-0.31524724"," 0.74918901","-0.33539152","-0.03475614","-0.67258326","-0.94754828","-0.58036765"," 0.08515163","-0.08255243","-0.39642358"," 1.81030130"," 0.58947105","-1.13848409","-0.22157778"
"Uric acid"," 0.5759462","-1.2893670"," 1.1303895"," 0.1200863","-1.4566794"," 0.8544577"," 1.0084127"," 2.1220847","-0.2787894","-1.9348218","-0.8455778","-0.4642023"," 0.4197908","-0.8599589","-1.2145663","-0.1454173"," 0.2460944","-0.2852126"," 0.4982139"," 0.6855329"," 0.7300753","-1.1790417"," 1.0759252"," 0.4866249"
"Uridine"," 1.25307978"," 1.42113639"," 0.04115035","-0.71196706","-0.19673086","-0.06360928","-0.07646332"," 1.98692016","-1.68823781"," 0.03055391","-0.54651426","-0.04808550"," 0.39313356","-0.97789510"," 0.57818823","-0.34424430"," 0.88830715","-1.58691072","-0.27871589"," 1.08596338","-0.14226014","-2.11199213"," 0.02578829"," 1.06940515"
"Urocanic acid","-0.680882668"," 0.370439154","-0.501890363"," 1.011580131"," 0.205531502","-0.510546545","-1.377414734","-1.602571502"," 0.151220685"," 1.158570215"," 0.378690940"," 0.242862526","-1.150618611","-0.980138704","-0.928253385"," 0.805303328","-0.199657835"," 0.589412726"," 0.000211814","-1.506932362"," 1.423604048","-0.403952978"," 1.727203174"," 1.778229442"
"Valine","-0.57480400","-2.56151085","-0.15585351"," 0.05045352","-1.30454073"," 0.63992254"," 1.08905182","-0.17389848"," 2.41496434"," 0.48174966","-0.01146726"," 1.30682869","-0.38246111","-0.03011728","-0.27713498","-0.19620898","-0.10477579"," 0.52339549","-0.15514189"," 0.10789903"," 0.81422387"," 0.24723628","-1.91003558"," 0.16222522"
"Xanthine"," 1.25159278"," 0.80712355","-0.34506787"," 1.04226409"," 0.07275143","-0.47511338","-0.56413691"," 2.13851242","-1.96609204"," 0.50440841"," 0.65533904","-1.32105714","-0.69064243","-1.88235369"," 0.76776067","-0.41799696"," 0.33492643","-0.80327422"," 0.60478813"," 0.82337073"," 0.46169102","-1.14118147","-0.08439896"," 0.22678638"
"_-aminobutyric acid","-1.63702520","-0.14529498","-0.33752165","-0.05560424"," 0.60186853","-0.18266628"," 0.64099166","-1.82158096"," 0.47709295"," 1.44062314"," 0.41172312","-0.83781206","-0.15381019"," 0.92023201"," 1.88588678","-0.18909057"," 1.36302215"," 1.10503318"," 0.35825179","-1.31790690","-0.26109385","-0.82886042","-1.63721826"," 0.20076023"
"12(S)-HETE"," 1.32396110"," 2.85612738","-0.14633921","-1.30065057"," 0.10294988"," 0.06004607"," 0.65865926"," 0.07937748"," 0.93215739","-0.27108110","-0.05423500","-0.33612876","-1.40699394","-1.54277825"," 0.57645443","-0.30187125"," 0.85373671","-0.89030399","-0.90096996"," 0.57494446","-0.27562049"," 0.82981321","-0.14391959","-1.27733524"
"2-Aminoadipic acid"," 0.79991182","-0.10425211"," 0.43781256","-0.14741787","-1.50002306"," 0.05750889","-0.29156824"," 0.23686047"," 1.35857660"," 0.60321772","-1.47131974"," 0.61488012","-0.90480136","-2.03108571"," 0.61434899","-0.50829887","-1.11247536","-0.06426315"," 2.06067487","-0.29104818"," 0.93818532"," 0.40837683","-1.02354214"," 1.31974160"
"2'-Deoxyuridine"," 1.24744365"," 2.24311877"," 0.59331402"," 0.09454235"," 0.92548826"," 0.40831835","-0.60817187"," 2.15437165","-0.42934340","-0.79014664","-0.76846980"," 0.77537047","-0.61269239","-1.71939442"," 0.25200950","-0.65561034","-0.93877987","-1.10567615","-0.84948846"," 0.73999758"," 0.38942839","-0.27244204","-0.44536550","-0.62782213"
"2-Ethylhexyl sulfate"," 2.144236334"," 0.410072079"," 0.947348737","-0.018219390"," 1.211692766","-1.165995660","-1.072133294","-0.193652940","-1.537771383","-0.570792992","-1.006644455","-1.121750658","-0.496478796","-0.593354418","-0.754308660","-0.591072967","-0.550978946"," 0.016862687"," 1.460980737","-0.006854453"," 0.005147531"," 0.798320257"," 1.626574120"," 1.058773765"
"2-Ethylhydracrylic/2-(hydroxymethyl)butanoi acid"," 1.80630468"," 1.95942766","-1.97896211","-0.62471553","-1.20460160","-0.16882022"," 0.22653598"," 1.35367644","-0.15451998"," 0.19151507","-0.52975132"," 0.81133336"," 0.03057043"," 0.07830490","-0.23344037","-0.49676947"," 0.81269010","-1.85038789","-0.66355273"," 0.43858408","-0.68084608","-0.24249043"," 1.28580618","-0.16589112"
"2-Hydroxybutyric acid"," 1.38299354","-0.03650640","-1.79723457","-0.49216040","-0.85239470"," 0.32055422"," 0.35600897"," 1.72513997"," 0.48022039","-0.61328444","-1.00235007"," 1.06071297","-0.50154164"," 2.10390829","-1.04090413","-0.25501694","-0.01404991","-1.21814363","-1.21965142"," 1.21462288"," 0.16072776"," 0.07922255"," 0.63938653","-0.48025985"
"2-Hydroxyisocaproic acid","-0.3158781","-0.5897575","-1.1060389","-0.3114249","-0.9550546","-0.3296895","-0.2767859","-1.4799455"," 0.7697741"," 0.9962048"," 0.6841410"," 0.6774174","-0.3184946","-0.3540017"," 1.8383077","-0.5951980","-0.2191434"," 1.7694463"," 1.4391734","-0.8085602"," 0.2645938"," 0.4211729","-2.1167792"," 0.9165207"
"2-Hydroxyoctanoic acid"," 0.138807917"," 0.317819723","-0.578516925","-0.015892656","-1.308795167"," 0.126595683","-0.529912333","-0.007193481","-0.868889594","-3.617887229","-0.066059401"," 0.285797558"," 0.533966169"," 0.447436382","-0.672400230"," 0.434795917"," 0.593603782"," 0.116217151"," 0.436006405"," 0.328650412"," 0.275743964"," 0.731026702"," 1.421264572"," 1.477814677"
"2-Hydroxyphenylacetic acid"," 1.62457637","-0.05919812"," 1.24313861","-0.69950024"," 0.08542687"," 1.92592425","-1.48255237","-0.76260891","-0.69396483"," 2.22606038","-0.59190686","-0.02820571","-0.24846622"," 0.12996032","-0.22652290"," 0.57742211","-0.45038501","-0.69601549","-0.69120584","-1.22551218"," 0.12115899","-0.80612372"," 1.35881060","-0.63031009"
"2-Oxoglutaric acid","-0.67565758","-0.46662059","-1.06148753"," 0.81781080","-1.31637004","-1.70555480"," 1.21430965","-0.72492781"," 1.35343522","-1.02144147"," 0.55193392"," 0.13134620"," 0.61727020"," 1.28533157"," 1.78091128","-0.49128353"," 1.25978074","-0.07338905"," 0.52268641","-0.12528981"," 0.42629046","-1.12665207"," 0.19658351","-1.36901569"
"3-Chloro-Tyrosine","-1.860847882","-2.044449225","-0.190097272"," 0.712905376","-0.160029521"," 0.482406542"," 0.321466661","-1.660290284"," 0.317503121"," 0.637350739"," 0.634940635"," 1.148445742","-0.001897698","-0.146355942"," 0.189326922","-0.153419569","-0.820027531"," 1.034769740"," 0.510648835"," 0.420693791"," 0.556874735"," 2.108411782","-1.449932317","-0.588397380"
"3-Hydroxybutyric acid"," 1.10858357","-0.69451983","-1.09076150"," 0.02765210","-2.09928916","-0.16842357"," 0.86249153"," 1.37161001"," 1.38471495"," 1.29541459"," 0.25755463"," 1.46843344"," 0.02412343"," 1.03067353","-0.27858100","-0.27892447"," 1.02342542","-1.09505948","-0.38925741","-0.91033498","-0.39578899","-0.81013363","-1.37436990","-0.26923328"
"3-Methyl-2-oxovaleric acid"," 0.81638433"," 1.04080274","-0.32127182"," 0.18819754"," 0.04937356"," 2.53725954","-0.61692624"," 0.29347088","-1.68634821"," 2.14975255","-0.99550320"," 0.42326236","-0.43308343"," 0.00665060","-0.24468008","-0.51548495","-1.12679836","-0.61060154","-1.69049602"," 0.60969628","-0.27560823"," 0.11060104","-0.01792908"," 0.30927974"
"3-Methyladipic/pimelic acid"," 2.33686195"," 1.44627042"," 0.03371555"," 0.12046469","-0.60511614"," 1.48381068","-0.75137619"," 1.62565468","-1.13926823"," 0.50410833","-1.36742306"," 0.02070574","-1.24695505","-0.16745436","-0.90723003","-0.64343751"," 0.05845754","-0.94533510","-1.07333765"," 0.71694647","-0.11300119","-0.35343920"," 0.83420848"," 0.13216918"
"3-Methylglutaconic acid"," 0.09441082"," 0.35640126"," 1.09408259"," 1.02706552"," 0.30154904","-0.14774822","-0.46887380","-0.52329517","-0.29362125","-2.93194642"," 0.48000195","-0.43257125","-0.65955859","-1.11817616"," 0.44893971"," 0.78756662"," 0.15698453"," 0.37410116","-0.43230490"," 0.15406265","-1.10968654","-0.69642962"," 1.62036627"," 1.91867980"
"3-Phenyllactic acid","-1.38044963","-0.55800585","-0.25161517"," 1.25301369","-2.11382944"," 0.10643313","-1.25866414","-1.36201984","-0.08379786"," 1.19020841"," 0.65686558"," 0.59812227","-0.88741339","-1.07213421"," 0.97807299"," 0.47750997"," 0.38434722","-0.01847657"," 1.26726678","-1.02086699"," 1.43849557"," 0.62244034"," 0.28460233"," 0.74989479"
"3-Ureidopropionic acid","-0.668077813"," 0.009797653","-0.369485799","-0.524467658"," 0.319053272","-0.963901939","-0.637405798"," 0.628097798","-0.544690999","-0.159257012","-0.011714078","-0.055777966","-0.538729867","-2.490659499"," 0.780557179","-0.071238564"," 0.261989225","-0.172815113"," 1.989694423","-0.918289952"," 1.625959569","-0.545687751"," 1.954021318"," 1.103029369"
"4-Hydroxybenzaldehyde","-0.06972332"," 1.18422192","-0.96695142","-1.15644570","-1.21938151","-0.24837921"," 0.30280352"," 0.16640985","-0.90909426","-0.06812130","-0.65730126","-0.95737759","-0.53763598","-1.18756455"," 0.80571206"," 0.46527564"," 0.65897155","-0.30088085"," 0.28758391","-1.35754147"," 1.75333199"," 2.49710909"," 0.75825270"," 0.75672618"
"4-Methyl-2-oxovaleric acid"," 0.41122529","-0.35597108","-0.04391100"," 1.62645145","-0.77803920","-1.43541296"," 1.58962906","-1.67135171"," 2.35087023","-0.41709746"," 0.08590887","-0.62254518","-0.75957378"," 0.22020512"," 0.86382150","-0.04361200"," 1.44786255","-1.27354955","-0.43440675"," 0.15529542"," 0.20292361","-0.05891532","-0.70944802","-0.35035908"
"5-Hydroxyindole-3-acetic acid","-0.9026581463"," 1.2032111714","-0.5773855062","-0.2311905046","-0.6818334603","-0.0003341545","-0.4842553437"," 0.8399811915","-0.1511899080","-3.5858368906"," 0.4538172102"," 0.6320188258","-0.2760264945"," 0.1947138735"," 1.5054770664","-0.0233856761"," 1.0175093096","-0.1847497006"," 0.0821537504"," 0.3427493693"," 1.0788135409","-0.7646367732"," 0.3029358809"," 0.2101013688"
"5-Hydroxytryptophan"," 2.22987077","-0.28332975"," 0.58253208"," 1.73459802"," 1.06168076","-0.20788426","-0.09206607"," 1.34007180"," 0.51871275"," 1.57785806","-0.75354572","-0.37253357","-0.49849258"," 0.18212096","-0.33575735","-0.94259647","-1.19586191","-1.42081080"," 0.41846824","-0.45646636","-0.13787583","-0.95766032","-1.24640111","-0.74463134"
"5-Methylcytosine","-1.21450544"," 0.25603242","-3.47282668","-0.27453420"," 0.48644906"," 0.81591796","-0.09324624"," 0.09759250","-0.58679459","-0.43496148"," 1.26350452","-1.08682027"," 0.03795394"," 0.72141456"," 0.20718917"," 0.48676413"," 0.70483392"," 1.35881336"," 0.95334501"," 0.05051205","-0.90937735"," 0.21853216"," 0.01348695"," 0.40072455"
"8-Aminooctanoic acid"," 0.08681768"," 0.11828120","-0.80402097","-0.24805561","-0.85720475","-0.52036558"," 0.78552106"," 0.38392499"," 1.68048377"," 1.30839856"," 0.12315470"," 0.30864485","-0.57369737"," 1.02323820"," 1.56736061","-0.45888651"," 0.49090074","-1.63787005","-2.01281514","-0.04799990"," 0.93440110"," 0.28236957","-1.96957590"," 0.03699476"
"Acetylcholine","-0.991912067","-0.876031635","-0.935951535","-0.339578675","-0.722379379","-0.162564048","-0.463814686","-0.271673906","-0.741511255"," 1.131233457","-0.803105005","-0.490884160","-0.807295966","-0.006152506"," 0.183945514"," 0.188251371"," 1.193555591","-0.731439282"," 0.605941740"," 0.397447707"," 2.934219915","-0.928559855"," 0.796216633"," 1.842042029"
"Alanine","-2.654088766","-1.030203804","-0.362832909","-0.638989356","-0.516157257"," 0.325738404"," 0.547851345","-1.611990091","-0.287970798"," 1.249406479","-0.223337761"," 0.715620222"," 0.939304952"," 0.002424857"," 1.043077136"," 0.023502908","-0.434310973"," 1.592935459"," 0.884311295","-1.408511677"," 0.803173451"," 0.584044314","-0.173966760"," 0.630969332"
"alpha-Linolenic acid"," 2.02514056"," 2.36939395"," 0.95717972"," 0.02732637"," 0.92787113","-1.26203845","-1.25613821"," 0.23822268"," 0.27744975","-1.25152811","-0.41332527","-0.40466714","-0.95003348"," 0.44144755","-0.74203608","-0.64551017"," 0.86612246","-1.12284770","-0.61716498"," 0.04190262","-0.13106799"," 0.92550226"," 0.52917367","-0.83037512"
"AMP"," 0.09421542"," 0.35342066"," 0.70008796","-0.22818685"," 0.98834964"," 0.75145630"," 1.03275257"," 0.43101854"," 0.38164550"," 1.35520747","-1.51260257","-0.86031767","-0.69950094","-1.47799800","-1.50425400"," 0.05349334","-1.78573224"," 0.33332392","-0.49765912"," 0.33134789","-1.51535611"," 1.06680043"," 1.26219414"," 0.94629369"
"Anthranilic acid"," 1.074351479","-0.145315104"," 0.619964003"," 0.561681887"," 0.220096958"," 0.054660699","-0.008706189"," 2.238556399"," 0.669733623"," 0.685456070"," 0.081373015","-0.181105981"," 0.142320418"," 0.739710827"," 0.134110482","-0.668626909"," 0.107182046","-3.496673537","-0.690613339","-0.783848556","-0.135929952","-0.318472954","-0.779713705","-0.120191681"
"Arachidonic acid"," 0.73536969"," 1.73685596"," 2.03316108"," 0.38969916"," 1.54651458","-1.25146995","-1.08305792","-0.10275146"," 0.13307054","-0.09332269","-0.89997312","-0.76253769","-1.40446770","-0.27849658","-0.19862031","-0.38422719"," 1.32026270","-1.30968951","-0.98141937","-0.09201299"," 1.04358273","-0.15673693"," 0.66849702","-0.60823004"
"Asparagine","-2.13593198","-1.66723888","-0.03964015","-0.69531373","-0.30484273","-1.27145380"," 0.18989696","-0.67677361","-0.17492417"," 1.72301407"," 0.45621226"," 0.80694446"," 1.71616033"," 0.57556644"," 0.71613778"," 0.22874584"," 0.12178904"," 0.46853681"," 1.21697355","-0.80585275"," 0.51834848"," 0.07380064","-1.54215082"," 0.50199598"
"Carnosine"," 1.52483849"," 0.37264369"," 0.09902384","-0.39892615","-0.07422768"," 1.13880048"," 0.42959383","-2.40546724"," 0.21038201","-2.02297973","-0.33512344"," 0.04294687","-0.02883727","-1.33212009"," 1.28035247"," 0.28486496"," 0.97425242"," 0.46307519","-0.17961683"," 0.29983832"," 0.13802066"," 1.45415056","-0.80229780","-1.13318756"
"cis-Aconitic acid","-0.7088665730","-0.5613336108"," 0.4307945124"," 0.1418533358","-0.2416549462","-0.3344681842"," 0.3753459863","-0.0910980143"," 1.0275728658","-3.1137842143","-0.5103470925","-0.5796984963"," 0.8825706669"," 1.5953850802","-0.9164056239","-0.7024090842"," 1.5319114208","-1.0885951276"," 1.0075352872"," 0.7616818858"," 0.4352823409","-0.0004678433"," 0.0866850332"," 0.5725103955"
"Creatine"," 0.94161259"," 1.06490303","-1.20270358","-1.74235336","-0.02816036"," 0.53133663"," 0.55349098","-0.19313836"," 0.89892844"," 0.14239779","-0.88089831","-0.90725844","-0.95034154","-0.64699463"," 1.56060116"," 0.78044505"," 1.26330240","-0.45595161","-0.22942693"," 1.96283063","-0.12933869","-0.48694605","-1.76252194","-0.08381494"
"Creatinine"," 0.50793055"," 1.26721816","-1.20790959","-1.74562690"," 0.23974510"," 0.45899464"," 0.44579017"," 0.13002275"," 0.59937256","-0.06968847","-0.82239395","-0.80190939","-0.95619419","-0.67496340"," 1.65936942"," 0.78525222"," 1.31881012","-0.69267479"," 0.06027949"," 1.97594309"," 0.23751011","-0.69596081","-1.72247442","-0.29644248"
"Cystine","-0.57488830","-1.83694972","-1.12732459","-3.38843412","-1.22225389"," 0.23995160"," 0.60908025"," 0.97571534","-0.05814321"," 0.58266112"," 0.43442688"," 0.32159092"," 0.50623752"," 0.49735877"," 0.48756865"," 0.31711577"," 0.35809134"," 0.70405069"," 0.35485981"," 0.55399291"," 0.07689444","-0.12942408"," 0.30991145"," 1.00791045"
"Cytidine"," 1.105671489","-0.262614694"," 0.644818369"," 1.072377189"," 0.849508524"," 0.780172101"," 0.725771470","-1.721724021"," 0.838670665","-1.189084646"," 0.328450779","-1.095333462"," 1.041032459"," 1.010768930","-0.961696120"," 0.208369631"," 0.983352360"," 0.153448715"," 0.728271745","-0.852532571","-1.783597038","-1.220620696","-0.003677962","-1.379803219"
"Deoxyinosine","-0.58970423"," 2.35890194"," 1.02272885"," 0.23180118"," 1.46631536"," 0.05468477","-0.20754515"," 1.77279202","-0.32185616","-0.07685439","-0.14328199"," 0.70894966"," 0.60311130","-0.45145169"," 0.42945272","-0.76576715"," 0.16430973","-2.02104637","-0.19249349","-0.06414749","-0.63857669","-1.62723114","-0.82211372","-0.89097785"
"Diaminopimelic acid"," 0.36699822"," 3.03150627","-0.98678717"," 0.23629359","-0.25626915"," 0.67192515","-0.06536168"," 0.98782721"," 1.21565356"," 0.32792033","-0.60145762","-0.29604960","-0.74796835","-0.56574445"," 0.87047687","-0.93416417"," 0.59830284"," 0.40284080"," 0.69971512","-1.20059628","-0.55120936","-0.57709538","-1.49466867","-1.13208808"
"Docosahexanoic acid"," 1.14724119"," 1.05140565"," 1.98183613"," 0.98995427"," 1.48488853","-1.06540477","-1.61317019"," 0.41070294","-0.29534935","-1.33849271","-0.84046901","-1.06208613","-0.43351910"," 0.41092614","-0.05409909"," 0.01032205"," 1.58567193","-1.40551063","-0.43992931"," 0.13592815"," 0.52131154","-0.51665451","-0.22160518","-0.44389855"
"Docosapentaenoic acid"," 1.51016553"," 0.93695605"," 0.70503496"," 0.60677882"," 0.32506274","-1.31182485","-0.29626901"," 0.70313685","-0.55641900","-1.55417334","-1.16641414","-0.99257465","-2.02708197"," 0.46361118"," 0.36294051","-0.76075092"," 1.53975910","-0.98879938"," 0.00887979"," 0.43921355"," 1.44438527"," 0.41385032"," 0.66483651","-0.47030391"
"Dulcitol/Mannitol/Sorbitol"," 2.06373064","-0.97643467"," 0.46799617","-0.32586444","-0.07773897","-1.00913535","-0.97018040","-0.88314033","-0.35216831"," 2.98572728","-0.38152336","-0.73547085"," 0.74308746","-1.31655850","-0.61366699","-0.34351812"," 0.34443237","-0.42587938"," 1.00021094","-0.37982707"," 0.77977607"," 0.06497933"," 0.39020400","-0.04903751"
"Eicosapentaenoic acid"," 0.87385210"," 1.56671580"," 1.10240366","-0.20450097"," 0.92760919","-1.20095278","-1.14390865"," 0.91736060","-0.24792981"," 0.60687004","-1.70646986"," 0.29284931","-1.91800771","-0.89045506","-0.49660075","-0.59454425"," 1.59032582","-1.02524557","-0.47704407","-0.02446402"," 0.91360812"," 0.57511131"," 0.75071814","-0.18730060"
"Epinephrine"," 0.24077764","-0.52984747"," 0.82574294"," 0.38194503"," 1.14837921","-0.66774910","-1.07798303","-0.07411936"," 0.72179216","-2.22974633"," 1.05632465","-0.17416176"," 0.97104965","-0.08862193","-0.86990311"," 0.61000369"," 1.26233513"," 0.30758677","-1.45603752","-1.90742557"," 0.04835267"," 0.03974132"," 1.64303106","-0.18146674"
"Ethyl vanillin","-1.05257785","-1.78578366"," 1.13730380","-0.91054692"," 1.04146407","-0.28659845","-1.39091303","-0.75918276","-1.00554289"," 1.76813407","-0.72062070"," 1.37134644"," 0.79606106"," 1.15447808"," 0.04596545"," 0.45413745","-0.54012840"," 0.33351620","-1.23636594","-0.58815367"," 0.18368114"," 0.08429643"," 0.78611101"," 1.11991905"
"Fumaric acid"," 1.12396277"," 1.33463729","-0.61518336","-0.06108482","-0.88787687"," 0.96833418"," 1.83616316","-0.14989115"," 1.30853571"," 1.21581834","-0.86960121","-0.10268122","-0.68821038","-0.95437272"," 0.96998391","-0.86356058"," 0.68660962","-1.01624797"," 0.52996891","-1.84888838","-1.46000251","-0.06187488","-0.26168983","-0.13284800"
"Glutamine","-1.9262364","-1.2605343","-0.9683818","-0.3284900","-0.2300813","-0.9181038"," 0.8597756","-0.8221300"," 0.3708915"," 1.7581037"," 0.3202351","-0.4875599"," 0.9563638"," 0.5815063"," 0.2750968"," 0.8831175","-0.2402374"," 0.8928730"," 1.2229421","-1.6881575"," 0.1636398"," 0.8317017","-1.2888598"," 1.0425252"
"Glutaric acid"," 0.45340460","-1.20117377","-0.83870346","-0.65999328","-2.97880254"," 0.89829608"," 0.66125575"," 0.70262890"," 0.99384275"," 0.81653392"," 0.84732143"," 0.91413902"," 0.14420875","-1.31195038","-0.87744795","-0.08253313","-0.64734713"," 1.31647582"," 0.52990354","-0.81747310","-0.19331601"," 0.46329503"," 0.16428229"," 0.70315286"
"Glyceric acid","-0.68175899","-0.17846086","-0.30590699","-0.20211762","-1.00892570"," 0.25013519"," 0.56782737","-1.18245956"," 1.21450266"," 0.72022664"," 0.89050845","-0.02245601","-0.18019835","-0.46485574"," 2.43175402","-0.13589661"," 1.39678853"," 0.45343288"," 0.92110408"," 0.24873141","-1.26808496","-1.75140270","-1.69033034","-0.02215679"
"Glycine","-3.09392442","-1.09047086"," 0.71320568"," 0.08545839","-0.32311634","-0.13737367","-0.08142681","-0.70636965","-1.15804811"," 0.77613305"," 1.01957620"," 0.31835617"," 2.34069980","-0.10558511"," 0.29591599"," 0.43735756"," 0.34308011"," 0.67017231"," 0.61765803","-1.02007215"," 0.35829114","-0.26951389","-0.15392894"," 0.16392550"
"Glycolic acid","-0.13801725"," 0.16208173"," 0.07903885"," 0.99950443"," 0.03056206"," 1.09015157","-0.02513039","-0.50869447","-0.98043218"," 1.44489183"," 1.17795409"," 3.30392552"," 0.22623195","-0.45037783","-0.22090328","-0.80008533","-0.93848081","-0.53667870","-0.37864583","-0.63092923","-1.18308961","-0.76777251","-0.63525539","-0.31984924"
"GMP","-0.99496361","-0.47549496"," 0.37319513","-0.35303063"," 0.75394745"," 0.73075054"," 0.88871541"," 0.76792793","-0.04507424"," 0.83831652","-2.10389200","-1.00431467","-0.23566641","-0.69253968","-1.16805983","-0.04934225","-1.28554710"," 0.73636371","-0.55233574"," 0.51208660","-0.90475107"," 1.20692964"," 2.33055776"," 0.72622152"
"Guanosine","-1.024991010"," 0.004047218","-1.092788717","-0.968498717","-1.867415279","-0.498079585","-0.552188900"," 0.448537051","-0.333716015","-1.653448070"," 1.162990089"," 0.676964304"," 1.278526890"," 0.479283372"," 1.514627709"," 0.265147625"," 1.599440233","-0.078080754"," 0.377992511"," 0.859202432"," 1.363971796","-0.807403698","-0.393727430","-0.760393057"
"Hexose"," 0.490229817","-1.649094663","-0.298931790","-1.292676594","-1.205198737","-1.207850134","-0.004850166","-1.269014014","-0.723769145"," 0.082673967","-0.224106646","-0.587942642"," 1.043323605"," 2.217795626","-0.626894913"," 0.296280430"," 0.994239951"," 0.159532171"," 0.911103734"," 1.521080546","-0.616885794"," 0.179173134"," 1.162577979"," 0.649204280"
"Hexose dimer"," 1.08909201"," 1.23552054","-1.39790095","-0.32701592","-0.62090228","-0.07579232","-1.51771398","-1.18236055","-1.44665637"," 0.95456315"," 1.10185450","-0.98918322","-0.61135412","-0.81305911"," 0.84557600"," 0.80745929","-0.72243477"," 1.32222928"," 0.67635953"," 0.99979933","-0.73821532"," 1.44490810"," 0.27810919","-0.31288201"
"Hippuric acid"," 0.85236372","-0.30978352","-0.63123511","-0.61377187","-0.60198092","-0.90412756","-0.06741419"," 0.63744622","-1.39564905"," 0.01399350","-1.14958755","-0.08143814"," 0.40541246","-0.77759743","-0.46654332"," 0.33552311"," 0.62403475","-0.26997954"," 3.58794070"," 0.13082599"," 1.23355703","-0.48116387"," 0.36938558","-0.44021099"
"Homoarginine","-1.27733513","-0.34064989","-0.15953408"," 0.39304831"," 0.33231975"," 0.39057427","-1.94217423","-1.42289670","-1.99889025"," 0.38256979","-0.45037142"," 0.32285941","-0.18110658","-1.43280654"," 0.50259983"," 0.03612303"," 0.37225672"," 1.50969579"," 1.28763471"," 0.61693764","-0.05333848"," 0.90679107"," 0.59781852"," 1.60787446"
"IMP","-0.52270740","-0.04739813"," 0.73302810","-0.60928636"," 1.44157309"," 0.76084452"," 1.12719152","-0.51944499"," 0.25570370"," 2.22410233","-1.26320790","-1.03604441","-0.80559872","-1.15016902","-0.69943206","-0.10947592","-0.92809992","-0.63621217","-0.68192554"," 0.45333993","-1.16163504"," 0.91660952"," 1.75694575"," 0.50129914"
"Indole-3-acetic acid"," 0.16341618"," 1.14910598"," 1.16923083"," 0.61990416","-0.05453279","-1.32670409","-0.34635274","-1.50680335"," 0.86060262","-0.44021520"," 1.17374472"," 2.36803135"," 0.72448092","-0.69145453"," 0.80840302","-0.55128963","-1.12018466","-0.79802476","-0.23934743","-1.25568851"," 0.49109570"," 0.61680482","-1.10052595","-0.71369667"
"Indole-3-lactic acid","-0.73879473","-1.05676809","-0.47894918","-0.20991388","-1.49946016","-1.89800712","-0.11285352","-0.70617122"," 2.03281399"," 1.10927736","-0.40320417"," 1.41518751","-0.15678543","-0.09242449"," 0.39209134","-0.49176729","-0.02427411","-0.48071181"," 0.26968592"," 0.14722628"," 1.95946767"," 1.17950979"," 0.68922862","-0.84440325"
"Isethionic acid"," 2.43081027","-0.54528625"," 0.34864835","-0.44468437","-0.64001366"," 0.08202473"," 0.14041278"," 1.55210359","-0.85218647"," 0.72404581","-0.47110007","-1.34617707","-0.26440310","-0.09462480","-1.07391221","-0.06068789"," 0.16195280","-1.22954591"," 0.25492432"," 1.51289617"," 0.66438332","-1.03557204"," 1.45057606","-1.26458437"
"Isocitric acid","-0.82695206"," 0.31811579"," 0.87852520"," 0.33564363","-0.04329281","-0.77519749"," 0.67386397"," 0.70727874"," 0.76751090","-2.44431735","-0.83765382","-0.38552462"," 0.98409123"," 1.86281063","-0.52248588","-1.09497248"," 1.30823523","-0.95245426"," 1.17071681","-0.75976023"," 0.08982052","-1.24413349"," 0.31054517"," 0.47958666"
"Kynurenic acid"," 0.53862720"," 1.36736963"," 1.66508700"," 1.52041102"," 1.80797598","-0.77060642","-1.47859970","-0.25032351","-1.56303690","-0.31488909","-1.35405551","-0.43071217"," 0.18342436","-0.04013757","-0.64759142","-0.39627479"," 0.40252493"," 0.77280410"," 0.85030536","-1.24877109","-0.58045336"," 0.25839128","-0.84706675"," 0.55559741"
"Lysine","-1.14978834","-1.89681782"," 0.16260013","-0.15634171"," 0.33203226","-1.74972380","-0.38381769","-1.25376614"," 0.78758637"," 1.44564711"," 0.29216139"," 0.77705958"," 1.73007287","-1.00770633"," 0.11667414"," 0.25211288","-0.66318505"," 0.55784070"," 0.56101797","-0.68945078"," 0.80556031","-0.07517958","-0.56580298"," 1.77121450"
"Methionine sulfoxide","-0.70543238","-1.06038465"," 1.25289703"," 1.52912112"," 1.37143672"," 1.08699779"," 0.03511605"," 0.31316935"," 0.09402588"," 2.18742629","-0.35274630"," 0.74196521","-0.99222188","-0.92536959","-0.74196951"," 0.48617826","-0.86415986"," 0.25569602"," 0.36490226","-0.19298745","-0.15506289","-1.51045289","-1.59063864","-0.62750595"
"N-Acetyl-alanine"," 0.15485163"," 1.61696273"," 0.46776582"," 0.31024779"," 1.99714641","-0.26421505"," 0.41987698"," 0.15877865","-0.66247246"," 0.07659501","-0.31124159","-1.12480945"," 0.03245647"," 0.66496580","-0.83386379","-0.45897359"," 2.03814295","-0.25080643","-0.69170023","-0.59774141"," 0.46374992","-1.34252061"," 0.45126366","-2.31445923"
"N-Acetyl-aspartic acid","-0.31659068"," 0.44294381"," 0.49160821","-1.07231367","-0.49801324"," 0.36492350"," 1.43605493","-1.44462214"," 0.36769026","-0.02447993","-1.57444693","-1.88477294","-1.32974022","-0.82274699"," 1.25343453"," 0.47382579"," 0.29101977"," 0.09364254"," 0.54067419","-0.49476539"," 0.80675155"," 2.20183226"," 0.33003446"," 0.36805637"
"N-Acetyl-glutamine"," 0.25557650","-0.68911888","-1.41859984","-1.24626517","-0.70799477"," 0.06690030"," 0.41758143"," 2.31858658"," 0.87160329"," 0.72142336"," 0.06866834","-0.96969028","-0.05877430"," 0.45782713"," 1.32519733"," 0.64551417"," 0.05574418"," 0.79414113"," 1.11432897","-1.43960990","-0.91139328"," 0.23037359","-1.84170217","-0.06031772"
"N-Acetyl-methionine","-1.27395995","-2.07188677"," 0.73553534"," 2.17056490"," 0.11839921"," 0.51082472"," 0.62831403"," 0.63437856"," 1.20971322","-1.35770020"," 0.11191582","-0.53963990"," 0.71320479"," 0.22109877"," 0.66692726","-1.01156489","-0.09055723"," 0.76969351"," 0.78427317","-1.72228230"," 0.04186609","-0.66296252","-0.69844667"," 0.11229106"
"N-Acetylneuraminic acid"," 1.22664161","-0.55493716","-0.50878621","-1.34549242","-0.73450352","-0.44830819","-1.05307818"," 1.14434447"," 0.38755767","-0.59236244","-0.49945404","-1.53954646","-0.32475663"," 0.28460976"," 0.90718409"," 2.25464435"," 1.42605752"," 0.87970255"," 1.30179043","-0.56231407","-0.81671065","-0.02932387"," 0.28297787","-1.08593647"
"N-Acetyl-phenylalanine","-0.14753025","-0.08121927","-0.62101531","-0.65049280","-0.39116386","-0.97076959","-0.94993801","-0.28828027"," 0.97240224","-0.88924584"," 0.18099067","-0.30014433","-0.35037486","-0.61061841"," 1.20449826"," 0.95156723","-0.03685094"," 1.36013272"," 1.32652312"," 0.21305753"," 1.92596550"," 0.54190126","-2.75304343"," 0.36364864"
"N-Acetyl-tryptophan","-0.058795509","-0.007377986"," 0.082746675","-0.321003043"," 0.060746996","-0.617337227"," 0.263685072","-1.585766447","-0.227428688","-1.745178012","-0.683495512","-0.716017261"," 0.017155062","-0.949614101"," 0.867350267"," 1.130753055"," 0.030400165"," 1.461044493"," 1.313858306"," 1.153053940"," 1.997445014"," 0.358387901","-1.895483519"," 0.070870359"
"N-Formylmethionine","-0.42559178"," 0.91360321","-1.07950765"," 0.81898387"," 0.14552810"," 1.16650614"," 0.30294707"," 2.22157561"," 0.28701348","-0.86970494","-0.59838477","-0.59609103","-0.07418044","-0.36966268"," 1.98076417","-0.89438418"," 0.72178169"," 0.50905205","-0.72651558","-0.17850448"," 0.72468428","-1.13159080","-1.66855822","-1.17976312"
"N-Iso valerylglycine","-1.31771520","-1.97225212","-0.18579330","-0.27501008"," 0.39542046"," 0.48748843"," 0.09106845","-0.14856122"," 1.29911977"," 0.44037895"," 0.36533015"," 0.19490743","-0.10263782","-0.47103153"," 0.69088682","-0.39849967","-0.34123014"," 1.40003850"," 0.41296381","-1.37753432"," 0.74933547"," 2.04052428","-2.23220556"," 0.25500846"
"Palmitoleic acid"," 1.74793792"," 1.14081245"," 0.13006663"," 0.04473862"," 0.64947407","-1.61628095"," 0.13294129"," 0.26790359"," 0.91050934","-2.65253182","-0.22383037","-0.24861715","-1.21268789"," 0.91410408"," 0.73942915"," 0.01005462"," 1.04115962","-0.29602686"," 0.19704015","-0.57814288","-0.47053201"," 1.04005639","-0.36873413","-1.29884385"
"Pentose"," 0.927983486","-1.504737483","-0.073290083","-1.338213103","-1.086197800","-1.140022359","-0.567566473","-1.435159797","-0.712209759"," 0.001630347"," 0.184734746","-0.603278475"," 1.012948748"," 1.948848787","-0.677755700"," 0.461046421"," 0.781005827"," 0.323501342"," 0.828693454"," 1.300139141","-0.835180955","-0.170453323"," 1.487344742"," 0.886188268"
"Proline","-1.813003961","-2.523744594","-0.001839319"," 0.341924247","-0.025895601"," 0.268083460"," 0.316249030","-0.942407147"," 0.463005265"," 1.214102766"," 0.450140325"," 0.886492375"," 0.731741286","-0.250784776"," 0.405907112"," 0.018470494","-0.438639288"," 1.221906744"," 0.572229461","-0.562431852"," 0.642831626"," 0.346638151","-2.240149271"," 0.919173466"
"Pyruvic acid","-0.04393335","-0.58428389","-0.57804126"," 1.04085129","-0.13464004","-1.88417914"," 0.20018229","-0.81450847"," 0.34439827","-2.68495502"," 0.66421779"," 0.34806595"," 1.51098860"," 1.20827338"," 1.43247782","-1.27096598","-0.05895742"," 0.32199318"," 0.49591854"," 0.18854984","-0.73657424"," 0.80012212"," 0.30208690","-0.06708718"
"Quinic acid"," 1.2231283"," 0.7612845"," 1.0445813"," 0.7080151"," 1.2918869"," 1.2602485","-1.7380948","-0.8979368","-0.8568183","-0.3562757"," 0.3094300","-0.9224058"," 0.8880338"," 1.6667891","-1.1172094","-0.4203645","-0.1513253"," 0.3935752"," 0.8672116","-1.3220546","-0.4390255","-0.2034536","-0.4664608","-1.5227592"
"Rhamnose","-0.58043392"," 0.34304743","-0.49086312","-2.34846537","-0.54818150","-0.04106564"," 0.24749738","-0.42727162","-0.43398379"," 0.53309936"," 2.65838007"," 1.07111004"," 1.17433592"," 1.58374957","-0.60271158"," 0.73238409","-0.59110725","-0.54754325"," 0.53918918","-0.33564460"," 0.10659937","-0.52606197","-0.38420817","-1.13185062"
"Ribulose-5-phosphate"," 1.1109204"," 1.1622229","-0.9019800","-1.6199592","-1.9417242"," 0.5125242"," 1.1130240"," 1.0810681"," 1.1410445","-0.7440204","-0.6084666"," 0.5577483","-0.5394160","-0.5113561","-1.7394559","-0.6087142","-0.2669676"," 0.6241949"," 1.2188141"," 0.4293207","-0.2462390"," 0.3615137"," 1.1142262","-0.6983228"
"Serine","-2.6189932","-1.3166501"," 0.3814350","-0.1020172","-0.2584750","-1.6905262","-0.4087080","-0.9919791","-1.0813597"," 1.1017974"," 0.3629502"," 0.4368999"," 1.6224016"," 0.3384401"," 0.4947346"," 0.5463392"," 0.3235796"," 0.9183719"," 0.6659984","-0.6331781"," 1.2210323"," 0.2138033","-0.3704715"," 0.8445746"
"Sphingosine 1-phosphate"," 0.44664460"," 0.28605003"," 0.88957143"," 0.97194879"," 0.72252715","-1.82824224"," 0.77049405"," 0.14338877"," 1.01219235","-2.38249380","-0.28809305","-0.79240378"," 1.62687939"," 0.45179865"," 0.63204161","-0.04979206","-1.13134044","-0.68578900"," 0.30516700","-0.96625168","-0.02656447"," 0.79325886"," 0.55611558","-1.45710775"
"Suberic acid"," 1.531132042"," 2.690279661"," 0.137161313"," 0.575787902","-0.140807610"," 1.710447381","-0.814498118"," 1.008886498"," 0.008903147"," 0.481447147","-1.285329876","-0.494610607","-1.393960266","-0.207430591","-0.531009707","-0.509127538"," 0.501650252","-0.816111387","-1.271346048","-0.231751689","-0.895083273","-0.397881388"," 0.470738086","-0.127485332"
"Sugar alcohol"," 0.93922652"," 0.50162244"," 0.15926030","-0.73020694"," 0.15824007"," 0.12829506"," 1.79818173","-0.11761437","-1.26808298"," 0.35507919","-0.96110116","-0.07684042","-0.59568301","-0.99942417","-0.79928892","-1.62118853"," 1.48512553","-0.46284440"," 1.69365190","-1.60223532"," 1.37170254","-0.04204536"," 0.95958601","-0.27341573"
"Taurine"," 0.40754688","-0.74921640","-1.32768467","-2.20727353","-0.87747900","-0.55693325"," 0.33767590"," 0.30408490"," 1.76596758"," 0.03443669","-0.32543814","-1.01449629"," 0.06368882"," 0.55637808"," 1.69078114"," 1.49519774"," 0.82867847"," 0.38797753","-0.04869822"," 1.29608618","-0.01465130","-1.37985803","-0.18800605","-0.47876501"
"Tauro-a-Muricholic acid","-0.57934168","-0.57509320","-0.27339957","-0.74843773"," 2.98614822","-0.64731132"," 0.30739221"," 0.32828449","-0.28157699"," 0.18536825"," 0.67783887"," 0.90245660"," 0.17589164"," 1.00604738","-0.04082576","-1.92004018"," 0.72096738","-0.31198461"," 0.20059886","-2.06953695","-0.78999957"," 0.18277640"," 0.65922125","-0.09544400"
"Tauro-b-Muricholic acid","-0.57934168","-0.57509320","-0.27339957","-0.74843773"," 2.98614822","-0.64731132"," 0.30739221"," 0.32828449","-0.28157699"," 0.18536825"," 0.67783887"," 0.90245660"," 0.17589164"," 1.00604738","-0.04082576","-1.92004018"," 0.72096738","-0.31198461"," 0.20059886","-2.06953695","-0.78999957"," 0.18277640"," 0.65922125","-0.09544400"
"Threonic acid"," 0.18684873"," 0.82453985"," 1.07864505","-0.01132793"," 1.81172940","-0.03273696"," 0.27359092","-0.35154939"," 1.73563737"," 1.30709125"," 0.28539985","-0.56535728","-0.93018939","-0.24549522"," 0.45976878","-0.47438542"," 0.42783685"," 0.44940520"," 0.13400739","-0.80402754","-1.44602048","-1.14056665","-2.55777447","-0.41506991"
"Thymidine"," 1.46293137"," 1.46756760"," 1.19854590"," 0.95333112"," 1.85218934"," 0.51808435"," 0.03682725"," 1.00475712"," 0.91942417","-1.23955509","-0.45430269"," 0.26431342"," 0.21831273"," 0.24363297","-0.56048437","-0.77771223","-0.69060840","-1.39292673","-1.03518149","-0.02130230","-0.67110788","-0.88729051","-0.79417181","-1.61527388"
"Traumatic acid"," 1.17965780"," 2.25208944"," 0.60180355"," 0.89492385"," 0.05181651"," 0.60684390","-0.88274420"," 2.25426934","-0.16449049","-0.38373300","-0.61989317"," 0.21611280","-1.57079787","-0.01476934","-0.62895655","-0.57718121"," 0.03443926","-1.27451164","-1.55316007"," 0.02261350","-0.42267622","-0.60364039"," 0.83373056","-0.25174638"
"Tryptamine","-1.73430070","-1.97526432"," 0.53390843"," 0.08120451","-0.96023518","-0.44688115"," 0.90187313","-0.82082707"," 1.99154327","-0.96525703"," 0.44324611"," 0.14844184"," 1.10503951"," 0.02013702"," 0.54042844"," 0.42498943","-1.13789376"," 1.03491490"," 0.30602377"," 1.02613012"," 1.20927942","-0.30054868","-0.32727666","-1.09867537"
"UMP","-0.313528322"," 0.076396657"," 0.194196210","-0.613253196"," 0.399954277"," 0.833077415"," 1.121418285"," 0.686972267"," 0.059480660"," 0.005854374","-2.073864002","-0.698409112"," 0.474716671","-0.548110006","-1.521109181"," 0.190238727","-1.625520657"," 0.813840776"," 0.179162325"," 0.968033836","-1.997020691"," 0.937516302"," 1.435409110"," 1.014547276"
"Uracil","-0.15875030"," 0.35916925"," 0.94498251","-0.15108542","-0.31456560","-0.08645400"," 0.66588452","-0.58289370","-0.01492532","-0.95370748","-1.30206177","-1.08318929"," 0.16094285","-0.61137913"," 0.29017784"," 0.02774309"," 0.73701140"," 0.18168310"," 0.45336306","-1.01875437"," 1.14885870","-1.91055123"," 3.15977133"," 0.05872995"
"Urea"," 0.06660096","-1.12548141","-1.62297122","-0.80917662"," 0.65138940"," 0.59108151"," 0.73285509"," 3.18500945"," 0.35538072","-0.70247471"," 0.03584296"," 0.55692673","-0.16145168","-0.48254107"," 0.15513537"," 0.70326662"," 0.05241758"," 0.04747431","-0.81809193"," 0.81653403"," 0.86170569","-1.08272072","-1.06232764","-0.94438341"
"Vanillin","-1.27172664","-2.46752907"," 1.01567848","-0.15394913"," 1.08683359","-0.55902573","-0.84357516","-0.21320024","-1.50824710"," 1.22544372","-0.22772904"," 1.30876411"," 0.42800382"," 1.31812574","-0.63499087"," 0.79202552","-0.41997452"," 0.19861282","-1.19252373"," 0.21755859"," 0.03854754"," 0.18845494"," 0.40628466"," 1.26813770"
"_-Gluconolactone"," 0.9953612"," 0.6508030"," 0.6336414"," 1.4590240","-0.4130392"," 1.4210219"," 0.8552253"," 1.2680605"," 0.1821639","-0.4519733","-0.6052773","-0.4975490"," 0.4702649"," 0.6960968","-1.5200206","-0.6092997"," 0.8400458","-0.1953613"," 0.7538642","-1.2743238","-1.7760361","-1.9296280","-0.5749930","-0.3780716"
"(R)-3-Hydroxy myristic acid"," 0.8100451"," 1.9527812"," 0.5561575"," 0.3843394","-0.1156693","-0.1896558"," 1.0260888","-0.8371622"," 0.8551293","-0.8032141","-0.6198807","-0.2594501","-0.3620848"," 0.9618540","-0.7188196","-0.2979558"," 0.4608273","-2.6873544","-1.2915425","-0.3054738","-1.0087125"," 1.3184924"," 0.8532152"," 0.3180454"
"1,2-dihydroxyheptadec-16-yn-4-yl acetate","-0.23347706","-0.22252137","-0.98260458"," 0.51826758"," 0.31367089"," 0.02954579","-0.97779942"," 0.05588901","-0.33172287","-3.44668325"," 0.72612492"," 0.45464213"," 0.58193170"," 0.12435213","-0.87607471"," 0.54623025","-0.58627616"," 0.55924869"," 0.10313614"," 1.19287448","-0.62023953"," 0.87766773"," 0.46118222"," 1.73263529"
"1,3-Diaminopropane","-0.25321057","-0.17195983"," 0.27897229"," 0.48343097","-0.13585579","-0.13803757","-0.35150394","-0.73828245"," 0.53617538"," 0.79755675"," 0.21651994"," 0.70299570"," 0.01445046","-0.15636828"," 0.28158659"," 0.22166136","-0.10037581"," 1.37850618"," 1.47835913","-1.11175723","-0.40579099"," 0.09121759","-3.75128449"," 0.83299461"
"1H-indene-3-carboxamide","-2.11841561","-2.03017376"," 1.20015524"," 0.39213837","-0.45865074","-1.24665799"," 0.88214591","-0.46724649"," 1.58705896"," 0.09760407"," 0.32662798","-0.51978480"," 1.25527842"," 0.27854381"," 0.81870779"," 0.02976486","-1.50145897"," 0.32833635"," 0.36912337"," 0.46526775"," 1.04399071"," 0.14793909"," 0.10379775","-0.98409207"
"1-Linoleoyl glycerol"," 1.51327327"," 1.75517340"," 0.62055642"," 0.21891631"," 0.20321736","-0.62132345","-0.67986007","-0.09057027"," 0.74520537","-2.20901016","-0.11403156","-1.04224862"," 0.19160028","-0.80462749","-0.38518808","-0.10194602"," 0.60955059","-0.54994269","-1.15979408","-0.10826100","-0.26860772"," 2.19441114"," 1.04161678","-0.95810969"
"1-Methyladenine","-0.930461316"," 0.289859460","-0.782488252"," 0.903879332"," 0.179187799"," 0.931257633","-0.045428813"," 0.006394634"," 0.736502603"," 0.819818475"," 0.771296233","-0.481079254","-2.438396871","-1.616766217"," 1.328656970"," 0.111286410"," 0.713994766"," 1.566010782"," 1.131802123","-0.574079362","-0.318308007","-0.176951881","-1.496536961","-0.629450286"
"2-(acetylamino)-3-[4-(acetylamino)phenyl]acrylic acid","-0.207204749","-0.566845321"," 0.463357536"," 0.295040172"," 0.530511611","-0.307512843","-1.071290107","-1.896824091","-0.477027614","-0.596192295","-0.019111522","-0.159810359","-0.136478944","-1.332532306"," 0.005745195"," 1.184805625","-0.540979548"," 1.741184124"," 1.413927351"," 0.618708559"," 0.610165860"," 1.945853368","-1.848554865"," 0.351065161"
"2,3-dihydroxypropyl 12-methyltridecanoate"," 0.14043630"," 0.34032465","-0.06691714"," 0.49966927"," 1.53589071","-1.29929255","-0.87547007"," 0.20743535"," 0.03218105","-3.00349384","-0.33256598"," 0.12748676"," 0.32047262","-0.16598193","-0.49586530"," 0.18683576"," 0.20475153","-0.22650030","-0.57489929","-0.06836630","-0.75005226"," 2.28331316"," 1.10840235"," 0.87220545"
"2,4-dihydroxyheptadec-16-en-1-yl acetate"," 1.506770160"," 0.202952562"," 0.354945364","-0.687912815","-0.130545883","-0.088248149","-0.482802234","-0.147926272","-2.249999907","-1.254974758","-0.305977589","-0.447543125","-0.707855149","-1.292956173"," 1.142215733"," 0.520561611"," 0.931317806"," 0.969115723","-0.436786341","-0.001199369"," 0.612681461"," 2.566036216","-0.219375747","-0.352493124"
"2,4-Dimethylbenzaldehyde","-0.90217137"," 0.72215860"," 1.48906918"," 1.03221187","-0.24293776"," 0.60660195"," 1.54142590","-0.38400930","-0.70492124","-0.39773186"," 0.52920860","-0.04906261"," 0.28724590"," 0.93865970","-1.07492224","-1.11001628","-1.39298116"," 0.46953558","-1.80267428"," 1.72671166","-0.33203968","-1.44117932","-0.22439161"," 0.71620978"
"2-[(1S)-1-Hydroxyethyl]-4(1H)-quinazolinone","-1.8649977671","-0.7718328658"," 0.1283772754"," 0.0003938503","-0.1497762832","-0.3274935087"," 0.4646659876"," 1.2540088933","-0.2741039965","-3.1534875513"," 0.1627521322"," 0.2553735627"," 0.6263368049"," 1.2406663471","-0.5361582262","-0.4939274487","-0.5701852622"," 0.7494086040","-0.0386921131"," 0.8532308168"," 0.0556749769"," 0.0309312910"," 1.0933752015"," 1.2654592792"
"2-Anisidine","-0.78732417","-0.79573266"," 0.62845977","-0.05431628"," 0.77280730"," 1.41522548","-1.31495647"," 0.20664619","-1.22282237"," 2.00430270"," 0.88371738"," 0.85186414","-0.59450929"," 0.36648783"," 0.28616112"," 0.91937395","-1.12596572"," 0.14299810","-2.06904975","-0.40429102","-0.83772813","-0.89070766"," 0.85490197"," 0.76445761"
"2-Fluoro-6-(4-methoxyphenoxy)benzonitrile","-0.31605022"," 0.79069024"," 1.16658851"," 0.44193190"," 1.35493553"," 0.36227052"," 0.15867258"," 0.40698028"," 0.83333510"," 1.93646185","-0.18426273","-0.38210119","-2.78014513","-0.74888961"," 0.30051184"," 0.00215632"," 0.61522461","-0.38832683","-0.14045739","-0.74075311","-0.78403838"," 0.02819094","-1.96014128"," 0.02721564"
"3-(2,7-dimethylpyrazolo[1,5-a]pyrimidin-6-yl)-5-(trifluoromethyl)-4,5-dihydro-1H-pyrazol-5-ol"," 0.88994473"," 0.15813665"," 0.45025641"," 0.03918219"," 0.90250362","-1.27562924","-1.30636910","-0.78533137","-1.02914147","-0.40532400","-1.52739593","-0.89514265","-0.68032117","-0.92202614","-0.88310769"," 0.95192647"," 0.50995087","-0.70889846"," 0.78001007"," 1.42607211"," 1.75567079"," 1.00824306"," 1.53401584"," 0.01277442"
"3-(4-benzylpiperazino)pyrazine-2-carbonitrile","-0.35791948"," 0.20639710"," 1.98852294"," 1.88514955"," 0.86178905","-0.52746952","-0.58849364","-0.38040740"," 0.03587771","-0.32381258"," 0.40725490","-0.21391561","-1.02697356","-1.29874625"," 2.41297349"," 0.02356481","-1.32693325","-0.38747674"," 0.07720877","-0.80853322","-0.63090319"," 0.54412126","-1.15146371"," 0.58018855"
"3-(tert-Butyl)-1-(2,4-dichlorobenzyl)-N-isopropyl-1H-pyrazole-5-carboxamide","-2.0233306"," 0.1649756"," 0.1278983"," 0.1108629","-0.5885188","-1.8982256","-0.3049531"," 0.3523177","-1.2951643"," 1.5260216","-0.5968056"," 0.2833853"," 0.8764003"," 2.2429399","-0.4873730"," 0.1851565","-0.3612912","-0.1695201"," 0.8022974","-0.1919927","-0.9336344"," 1.4878444"," 0.4022553"," 0.2884542"
"3-(tert-butyl)-1-methyl-4,5-dihydro-1H-pyrazol-5-one","-0.38388919","-1.68538029"," 0.58420157","-0.16446796"," 1.20450859"," 1.87901184","-1.35390123","-0.24296550","-1.66142520"," 1.63771713","-0.06499922"," 0.78756323","-0.05240930"," 0.73227037","-0.42402294"," 0.64915709","-1.20838004"," 0.54575288","-1.29861005","-0.12460883","-0.34915105","-0.63966585"," 0.47219184"," 1.16150214"
"3-[2-morpholino-5-(trifluoromethyl)phenyl]-4-phenyl-2,3-dihydro-1,3-thiazol-2-imine hydrochloride","-1.48232447","-0.05533761"," 1.72444645","-0.02282420"," 1.16262509","-1.40282466","-0.15913201"," 0.50261137"," 0.28136431","-3.09047226","-0.29682184","-0.11393764"," 0.11631273"," 0.06490090","-0.38589847"," 0.14035242"," 0.33846506"," 0.30296354","-0.44506417"," 0.03119997","-0.27078403"," 1.69458275"," 0.79999526"," 0.56560152"
"3-benzyl-4-hydroxy-5-(4-hydroxyphenyl)-2,5-dihydrofuran-2-one","-0.315966866"," 0.162718028"," 0.500687265"," 0.158398882"," 0.856164657","-1.218640311","-0.156534519","-0.174664090","-0.421812866"," 0.688516336"," 0.499254421"," 3.955431464","-0.805754155"," 0.349135919","-0.007618119","-0.535855667","-0.373504507","-0.265931800","-0.748263091","-0.871082684","-0.935045055"," 0.152159864"," 0.047776825","-0.539569930"
"3-Hydroxy-2-methylpyridine","-0.75413637","-2.30186201"," 1.00524267"," 0.03262760"," 0.57556152"," 1.40045214","-1.14664782"," 0.16563087","-0.97017527"," 1.83757419"," 0.65611073"," 0.71428776","-0.84526039"," 1.01064934"," 0.35712544"," 0.71607911","-1.49866336"," 0.05361351","-0.18399430","-0.20175233","-0.43926562","-1.27501988"," 0.30771436"," 0.78410814"
"3-Hydroxydecanoic acid"," 0.37263917"," 1.51528220","-0.54683458"," 0.12874061"," 0.07638131","-0.60244663","-0.02093314","-1.00649063"," 0.02226699","-1.70025604","-0.28215321","-0.03759412","-0.55855402"," 0.69072854","-0.23737850"," 0.41902878"," 1.13364434","-1.74338456","-0.91295091","-0.82085353","-0.78098906"," 1.96203677"," 1.84569288"," 1.08437733"
"3-Methoxybenzaldehyde","-0.24600135","-1.52309108"," 0.62148476","-0.17276774"," 0.91066614"," 0.81806090","-0.48069878"," 0.50774706","-0.94313678"," 1.96697514","-0.35382276"," 0.99838183"," 0.10735813"," 1.43283111","-0.18680115"," 0.31194053","-0.80563211"," 0.46218843","-1.19826661"," 0.14025474","-0.21308946"," 0.06864903","-2.73939133"," 0.51616136"
"4,4'-Bipyridine","-1.23521357","-0.39492099"," 1.11329747"," 0.26937236"," 0.22626367","-0.75334602"," 0.06397372"," 0.13077034"," 0.82985370"," 0.33313775"," 0.46713881"," 0.43173958"," 0.70938881"," 0.18333819"," 0.06914496"," 0.23919920","-0.61706928"," 0.51379013"," 0.28469854"," 0.46606947"," 0.63986851","-4.02013526"," 0.17989206","-0.13025215"
"4-Ethynylaniline","-2.45845474","-1.65572741"," 1.66704854"," 0.32822121","-0.28030669","-1.20038237"," 0.24139244","-0.04888130"," 1.33834084","-0.19767419"," 0.46100556"," 0.13312387"," 1.39768972","-0.17434985","-0.11504525"," 0.16909974","-1.91367745"," 0.39473048"," 0.07591363"," 0.82396837"," 0.92749234"," 0.35079417"," 0.13288813","-0.39720979"
"4-Indolecarbaldehyde","-2.08426941","-1.25116880"," 0.05948919"," 0.49961225","-1.43639638","-1.65087584","-0.49889319","-1.07222295"," 0.36094359"," 0.42389120"," 0.16691025"," 0.70041186"," 1.74482739"," 0.76255381","-0.63821246","-0.14902967","-0.55790315"," 0.02863572"," 0.81610917"," 0.01662540"," 1.44076996"," 0.57977028"," 1.52679556"," 0.21162624"
"4'-Methoxyacetophenone","-0.423317918","-0.058244563"," 0.963138668"," 2.066571433"," 0.876214904","-1.488542833","-1.048082207","-0.080743083","-0.968839056","-0.124978254"," 0.405689657","-0.100144790"," 1.624199202"," 1.329947187","-0.183933529","-0.496926349","-1.829800000"," 0.769387354","-0.001972733","-0.279744126","-1.541111448","-0.587099298"," 0.964524117"," 0.213807665"
"4-Piperidone","-0.69016615"," 0.04901542","-0.50174919"," 0.79856073"," 0.01340568","-0.48743191","-0.64734325","-0.50129979","-0.42389411"," 0.33766461"," 2.11942206","-0.34957534","-0.17561525","-1.82204095"," 0.05557301","-0.14415502","-2.11433516"," 2.16607035"," 0.21363556"," 0.26337371"," 0.24477501"," 0.31207969","-0.40257514"," 1.68660544"
"5-acetyl-2,6-dimethyl-1,2,3,4-tetrahydropyridin-4-one","-1.45700931","-0.04224277"," 0.59926998"," 1.99688215"," 0.82290320","-1.50703185","-0.69234676"," 0.14230185","-0.90302523"," 0.12975469"," 0.37109306"," 0.29882233"," 1.74760892"," 1.31097705","-0.18035016","-0.47993214","-1.50893786"," 0.78552021","-0.16036954","-0.04122346","-1.49274034","-0.74436614"," 1.12578088","-0.12133875"
"5-Nitro-o-toluidine","-0.82277633"," 0.05680686","-1.02623272","-1.43748959","-1.18023240"," 0.27638907","-0.94880778"," 1.47014517"," 0.89223904","-0.50773534","-0.86192484","-0.81755137","-0.53765019"," 0.87397599"," 0.21039309"," 1.67769773"," 0.73080633"," 0.88722802","-0.09005667"," 1.10782323"," 0.85160762","-1.97314312"," 1.05034873"," 0.11813947"
"6-(4-methoxyphenyl)pyrimidine-2,4-diamine"," 0.03096862"," 0.54817316","-1.69284860","-1.31725786","-1.33131449"," 1.69514079"," 1.02923908"," 1.86330149","-1.07171801"," 1.60956650","-0.63813781","-0.02260774"," 0.19958807","-0.63296711"," 1.50425583"," 0.13324779","-0.48929910"," 0.22843190","-0.41737712"," 0.70755288","-0.81497922","-0.40047119","-0.39130112","-0.32918673"
"6-Methyl[1,2,4]triazolo[4,3-b]pyridazin-8-ol","-0.30405764"," 0.35900676","-3.37095986"," 0.70003124"," 0.60454156","-0.15583478","-0.01054525","-1.02282282","-0.11183898","-0.96995183"," 0.61880580","-0.30127042"," 0.55821390"," 0.11410531"," 1.31445405"," 0.10930703"," 1.07704544"," 0.98419251"," 1.29125454","-0.58581143"," 0.58497415"," 0.21807518","-0.95622926","-0.74468518"
"6-Methyl-2-pyridinemethanol","-0.88771772","-1.52280125"," 0.62989739","-0.15734771"," 1.01876194"," 1.50395311","-1.28961329"," 0.87659111","-1.18910892"," 2.11054662"," 0.81026243"," 0.67627836","-0.41825757"," 0.15801964"," 0.08638017"," 0.28045008","-1.36393837"," 0.04839959","-1.68699286","-0.25359613","-0.55628042","-0.36194187"," 0.46887302"," 1.01918264"
"6-Methylquinoline","-2.54734949","-1.54357768"," 1.54878657"," 0.14641792"," 0.01875679","-0.91432367","-0.17741918","-0.38405194"," 1.02254218","-0.32676388"," 0.93144923"," 0.34288589"," 1.30521209","-0.77501294"," 0.04576665"," 0.28612515","-1.86766809"," 1.02446102","-0.18519271"," 0.88152157"," 0.88381816"," 0.01457693"," 0.11798555"," 0.15105388"
"8-Hydroxyquinoline"," 1.5991043"," 0.6730114"," 1.0897711"," 1.5796099"," 2.0795849","-1.3094609","-0.8479454","-0.8873511","-0.5847706","-0.7699536","-0.8995554","-1.8076619","-0.9964018","-0.8212555"," 0.4115849","-0.1968584","-0.4806581"," 0.6979134"," 0.5060708"," 0.1779551"," 0.5849433"," 0.4163032"," 0.2992599","-0.5132395"
"9-Oxo-10(E),12(E)-octadecadienoic acid"," 0.83905672"," 1.31734644"," 0.14928348","-0.14430004"," 0.18992373"," 1.21864688","-0.53324268"," 0.91122379","-1.48229636"," 2.11288277","-1.19532826","-0.24644208","-0.33634269","-0.61371745","-0.16893285","-0.45902258","-0.15658397","-1.07953922","-1.57267741"," 1.07045967","-1.49316986"," 1.32542175"," 0.44371636","-0.09636616"
"9-Oxo-ODE"," 0.53675750"," 1.37541036","-0.58389614"," 0.59753982"," 0.03706938"," 1.22336008","-1.86781895"," 0.46184828","-1.62614305"," 0.99820993","-0.54095983"," 0.12207903"," 0.02647310"," 0.39243154","-0.58555093","-0.24189489","-0.55666551","-0.61336865","-1.40199058"," 2.26725666","-0.96429313"," 0.76857382","-0.65032452"," 0.82589669"
"Acetophenone","-0.26142173"," 0.16377838"," 0.90993564"," 1.30927612","-0.87983720"," 0.57190422"," 1.25690328","-0.31209173","-0.35509975"," 0.07873283"," 0.32772025","-0.03914446","-0.18540834"," 1.30502680","-1.73762726","-0.43485542","-1.19773097"," 1.04964440","-1.31771691"," 1.35388337"," 0.11676428","-1.87905513","-1.09112786"," 1.24754720"
"Acetyl-_-methylcholine"," 0.18200871","-0.25518663","-0.17856271","-0.62251957","-0.80932425"," 0.89028376"," 0.65648400","-0.56352102"," 0.78114863","-0.54510364","-1.38453484","-0.55021588","-1.30562593","-1.91084447"," 0.05136241"," 1.84186203"," 0.02041419","-0.45449605"," 1.72012100"," 0.97864901"," 1.93955175","-0.40820084"," 0.38345385","-0.45720352"
"Acetyl-_-methylcholine.1"," 1.29179800"," 1.64941507"," 0.80955882"," 1.06224203"," 1.08449564","-0.17163401","-2.98853197","-0.57021719","-1.57409193"," 0.16861122"," 0.73170435"," 0.41171938"," 0.09148931","-0.14310957"," 0.45756751","-0.53056709","-1.49181931"," 0.22073452"," 0.32315165","-0.15112597","-0.22489687","-0.10272420","-0.41016882"," 0.05639941"
"Buprenorphine"," 0.45691763"," 1.43926277"," 1.02622349"," 0.66968835"," 0.57708267","-2.07300108","-0.14412981"," 0.53041653"," 0.74756928","-3.25998359","-0.13168949","-0.05773377"," 0.39236105","-0.18804300","-0.28481037"," 0.05273454"," 0.22597941"," 0.16296874","-0.69140892","-0.68115378"," 0.10444175"," 1.15874521"," 0.44835546","-0.48079308"
"Butorphanol","-0.3522315","-0.4057766","-0.3552547","-0.3778931","-0.3012011"," 2.3801743"," 2.1554508"," 1.8091377"," 2.3437242","-0.2562696","-0.4067456","-0.6028169","-0.5087185","-0.4012133","-0.4802814","-0.4660254","-0.5198096","-0.4764425","-0.4782346","-0.4351501","-0.5969920","-0.4744029","-0.3737233","-0.4193042"
"Cetrimonium","-0.13747009","-0.41689534"," 0.40180642"," 0.75716289"," 0.86130122","-1.22904023","-1.03561312"," 0.65787750","-0.95276370","-3.13112247"," 0.81862588"," 0.15209348"," 0.02775050","-0.16624756"," 0.05377160"," 0.05524190"," 0.43451822"," 0.51454464","-0.21008638","-0.41434220","-0.55462607"," 1.86124768"," 0.09492158"," 1.55734365"
"Corticosterone","-0.7461391","-0.7846198"," 0.4590422","-0.1793319"," 0.4285877"," 0.4101133"," 1.2977652"," 0.8624239","-1.0311272"," 0.5765152"," 1.1718860"," 0.7859629"," 0.8402582"," 1.3543161"," 0.2080589"," 1.0800876"," 0.1836099","-1.0571347","-1.1983234","-1.7561707"," 0.2156316"," 0.2932901","-1.5765555","-1.8381465"
"Crotonic acid","-0.42236163","-0.90951175"," 0.13761334"," 0.56885838"," 1.04743991"," 1.36758049","-0.58120535"," 0.85114878","-0.36133370"," 1.05336271"," 0.58260744"," 0.57223569","-0.01826768"," 0.61155545"," 0.38887104","-0.13808939"," 0.22624152"," 0.43231398","-0.29022989","-0.03686219","-0.53876904","-0.75580658","-3.73939374","-0.04799782"
"Crotonic acid.1","-0.05939011","-0.62561906","-0.83206224","-0.50771223","-2.99595306"," 1.09597846"," 0.42440375"," 0.78929321"," 0.51413927"," 0.42814979"," 0.90121724"," 0.82916953","-0.02120670","-1.90788420","-0.14344451"," 0.26330508","-0.53551884"," 1.44704832"," 0.63834799","-0.79950815","-0.54684045"," 0.72860497"," 0.05721587"," 0.85826607"
"D-Alanine methyl ester"," 1.66560891"," 1.55166756"," 0.27301149"," 0.61812572"," 0.83924421","-0.23799006","-0.47672044","-2.17036179","-0.77535403"," 0.04147426"," 0.81019719","-1.06863736","-0.10830453","-0.07641528"," 1.50067557"," 0.59659908"," 0.31536577"," 0.74040660","-0.58332545"," 0.08809426","-0.56699485","-1.07738198","-2.03460479"," 0.13561994"
"Diethyleneglycol diacetate"," 0.54930070"," 1.19995982","-0.91029117","-0.04004161"," 0.29424334"," 2.31435458"," 0.70219578","-0.50442277","-0.91252598"," 2.69480943","-0.22478631","-0.70657842"," 0.10871628","-0.05368756","-1.14692920","-0.24093383"," 0.01156501","-0.33698557","-0.78054406"," 0.84751275","-1.18489001","-0.14321934","-0.48689110","-1.04993076"
"Dimethyl 2,6-dimethyl-4-(2-thienyl)pyridine-3,5-dicarboxylate","-1.346015759"," 0.061369791","-0.964054197","-0.723923710","-1.491810659","-1.298406707","-0.730756649"," 0.585563948","-0.606764625","-1.764938499"," 1.151865178"," 0.579987080"," 1.595076598"," 0.978822973"," 1.289096183"," 0.265676303"," 1.437045816"," 0.182600867"," 0.284003385"," 0.613199538"," 1.119233944","-0.686769192"," 0.001161383","-0.531262990"
"Dimethyl cyclohexane-1,4-dicarboxylate","-0.591756905","-1.580132557"," 1.070297058","-0.197721780"," 1.098424219","-1.287068912","-1.544007886","-0.031059207","-2.073156881"," 1.738903095","-0.245824882"," 0.890815897"," 0.062204902"," 1.279071444"," 0.151805338"," 0.529676953","-0.654679715"," 0.484001427","-0.960565663","-0.007744887","-0.075313377","-0.045775231"," 0.875472035"," 1.114135514"
"DL-4-Hydroxyphenyllactic acid","-1.22168394","-1.36941629","-0.93379935"," 0.60548161","-2.13858062","-0.34204455"," 0.42601592","-0.69868793"," 1.62944590"," 1.20289846","-0.08040535"," 1.16782247"," 0.13710425","-0.85289291","-0.48075476","-0.92942751"," 0.15943526"," 0.60582047","-0.34587271"," 0.60186002"," 2.03511157"," 0.81752660"," 0.13586656","-0.13082316"
"DL-Metanephrine"," 0.35078035","-0.11941701"," 0.98015593"," 0.95178654"," 2.18263768","-0.58711195","-1.18125021","-0.44820106"," 0.87529602"," 0.12761618"," 1.35479506"," 0.22613423"," 0.09123937","-0.76400878","-0.06342775"," 0.32952075"," 1.07636968","-0.44056515","-1.34600464","-2.16578151"," 0.08947589","-0.94167763"," 0.71095594","-1.28931791"
"DL-Stachydrine","-0.047119892","-0.985635693","-0.467501608"," 0.014346922","-0.126432839","-0.092111871","-0.133893728","-0.405877058","-0.041036147"," 0.261790860"," 0.165847889"," 0.105893074","-1.178644714"," 1.029002577"," 0.173197692"," 0.227869949"," 1.009200799"," 0.003144364"," 1.171933284"," 0.618308393"," 0.460413779","-3.706631051"," 0.555596029"," 1.388338991"
"DL-Stachydrine.1","-0.98970197","-1.74147596","-0.42601311","-0.21045800","-0.97508160","-0.12394725","-0.17033871"," 0.02134613","-0.46879686"," 0.60627973"," 0.47635373"," 1.96924481"," 2.92842974","-1.06271790"," 0.22162578"," 0.12583618","-0.21245442","-0.80598093","-0.10412049"," 0.01317871"," 1.19881341","-0.89116219"," 0.60566261"," 0.01547856"
"Ethyl palmitoleate"," 0.59188140"," 1.48130672"," 1.06537653"," 0.56157536"," 1.39459453"," 0.07675778","-1.11332331","-0.51179325","-0.13057142","-1.78438341","-0.56393827"," 0.07507802","-0.36139569","-0.43811293","-0.35314084","-0.66693445","-0.37749049","-1.37736315","-1.18288506"," 0.34428949","-0.59498310"," 2.36681386"," 1.24924746"," 0.24939422"
"Ethyl palmitoleate.1"," 0.76002816"," 1.35797489","-0.53644803"," 0.38686512"," 0.53554380"," 1.59604433","-0.82642600"," 0.88467710","-1.33073764","-0.09577671","-0.90204411"," 0.81584381","-0.44002392","-0.11679171","-0.03898470","-1.00006909","-0.96064843","-0.61743183","-2.10126028"," 1.49367704","-0.97271245"," 1.50233868"," 0.17028921"," 0.43607278"
"GNH","-0.7824823","-0.9189197"," 1.2074817"," 0.3349533"," 2.4490398"," 1.0794541","-1.5024987","-0.5855850","-0.9240025","-0.1045599","-0.6615702","-0.1535524"," 1.2190576","-0.3574975"," 0.2874879"," 0.8687427","-0.9051744"," 0.4660885","-1.6274402"," 0.4289972","-1.0469809","-0.3521503"," 1.0063363"," 0.5747749"
"Hexanoylcarnitine","-0.72746977"," 1.00834050","-0.77966812","-0.48499880"," 0.19408835","-0.95508115"," 0.08942260"," 0.06681970"," 0.39693594","-2.04983937"," 0.19691979","-0.50034074","-0.75416287","-0.22884311"," 0.94124947"," 1.29300683"," 1.49914529","-0.02962367"," 0.49266003","-0.39019444","-2.10336209"," 1.41521866"," 1.64221507","-0.23243810"
"Hypoglycin A"," 1.307091823"," 0.565720800"," 1.095890756"," 0.454515711","-0.639940084"," 1.076834358","-0.905473725"," 1.945528616","-1.920705563","-0.210404075"," 0.472654009","-2.092779245"," 0.672039094"," 0.281262048","-1.401322478"," 0.831168821"," 0.116246526","-0.704081013","-0.586949546","-0.007927393","-0.135225512","-0.236491922"," 0.696656430","-0.674308439"
"Indan-1-one 1-(4,5-dihydro-1H-imidazol-2-yl)hydrazone"," 0.38643373"," 0.84058089","-1.09107531","-1.42234097","-1.11717307"," 2.30217108"," 0.79908170","-1.50964192","-0.47244796"," 1.42106732","-0.84096540"," 0.53610681"," 0.99617573"," 0.28856864","-1.67004862"," 0.94056163","-0.26373627"," 0.35253864","-0.52827297"," 0.77099114"," 0.08310311"," 0.05641427","-0.30106780","-0.55702442"
"L-Ascorbic acid 2-sulfate"," 0.09553011"," 0.77003005","-0.41172027","-0.72259607"," 1.03716866"," 1.01337171"," 1.56733062","-0.27391914"," 2.05968809","-1.22043742","-0.71924085"," 0.13452456","-0.34910385"," 0.43943971"," 0.01351949","-0.05864855"," 1.14895809"," 0.33240155","-0.05684975","-1.76873275"," 0.43783723","-0.83110745","-0.43454366","-2.20290012"
"Linoleoyl Ethanolamide","-1.50166056"," 1.43001810","-0.06689709"," 0.06259246"," 0.98103714","-0.55435892"," 1.19394223","-0.39000421"," 2.23937132","-1.29337700"," 0.25932579","-0.05025278"," 0.76791532"," 0.40253023"," 0.94383221"," 0.38886408"," 0.83502385"," 0.27359121","-0.64464887","-1.16490569","-1.54281090","-0.61333740","-1.17724237","-0.77854817"
"L-Tyrosine methyl ester"," 1.00099576","-0.11900947"," 0.59656034"," 0.09663334"," 0.07663498"," 1.71244108"," 0.05681344"," 0.04195213","-0.17906257"," 1.62168035","-0.37742190"," 0.72288994"," 0.89430868"," 0.93165949"," 0.09454730"," 0.44156923","-0.07561790","-0.12970602","-0.60304695"," 0.35599562","-1.97160254","-1.61689444","-1.58436788","-1.98795200"
"mesityl (4-methylphenyl) sulfone"," 0.94227051"," 0.91169703","-0.43453402","-0.26921671","-0.08991877"," 2.82795951"," 0.55963855","-0.55452999","-0.81983448"," 2.46105118"," 0.00509972","-0.82879454","-0.12475000","-0.58313074","-1.13880374"," 0.05956213","-0.28783331","-0.18788286","-0.86045856"," 0.57606847","-1.06639919"," 0.26284678","-0.67763656","-0.68247042"
"Methyprylon","-0.25738706","-0.18077718","-0.43227873","-0.46203280","-0.42183086"," 1.51251706","-0.80381123"," 1.69632895"," 1.58976216","-0.71734145","-2.28826156","-1.78009864","-0.94465327","-0.05508921"," 0.44274303","-0.24343472"," 0.20770206"," 0.33330788","-0.76548419"," 0.96630243"," 0.81011803"," 0.69100707"," 0.05222194"," 1.05047029"
"Mevalonolactone","-0.76570499"," 2.20306547","-0.45395204"," 0.77453558"," 0.76958059"," 1.97739974"," 0.13265542","-0.17559125","-0.39516103","-1.07001736","-0.42620197"," 0.07934216","-0.60824557","-0.93680571","-0.26119258","-0.81062822","-0.58923285"," 0.24707052","-0.78362162","-1.79529005"," 1.49668754"," 1.48308352"," 0.11581694","-0.20759226"
"Monoolein"," 1.72313057"," 2.23786867"," 0.30206923","-0.07129065","-0.03891970","-0.27093090","-0.64198624","-0.28940026"," 1.09939868","-2.48386028"," 0.01369644","-1.21391697","-0.20322054","-0.88963697"," 0.43839304"," 0.19730066"," 0.91912865","-0.47605550","-0.59279667","-0.68692915","-0.32934980"," 1.40949279"," 0.39204335","-0.54422841"
"Monoolein.1"," 0.62480869"," 0.90721799","-0.19821166","-0.48180087"," 0.98603999","-0.43298854","-0.33853560"," 0.83905384"," 0.42684601","-3.30764365","-0.64072221","-0.32834553"," 0.85946969","-0.02505143","-0.56389830"," 0.09961689"," 0.79261069","-0.77429393","-0.60111397"," 0.21301363","-0.72104993"," 2.12404116"," 0.18026909"," 0.36066795"
"Monoolein.2"," 1.26975344"," 1.56493898","-0.32182062","-0.20680092","-0.59219528","-1.09650553","-0.46245876","-0.26496573"," 0.84944271","-2.70955455"," 0.83034427","-0.73950468","-0.48571217","-1.02985528"," 0.42813147"," 0.35933107"," 0.98676538"," 0.23258314","-0.01499681","-0.41314606"," 0.44223898"," 1.95922158"," 0.27424316","-0.85947780"
"N-(2-Methoxyethyl)-3-{5-[(2S)-1-methyl-2-pyrrolidinyl]-1,2,4-oxadiazol-3-yl}-2-pyridinamine"," 1.39492726","-0.43120840","-0.39957333","-1.10699910","-0.85233712"," 1.42935396","-0.50147729"," 2.77109487","-0.62656279","-0.08000112","-1.02940674","-0.06884806","-0.97180229","-1.59186724","-0.40717462","-0.03547379","-0.28528265","-0.62883696"," 0.45703287"," 0.99803516"," 0.98222832"," 0.08563423"," 1.00456128","-0.10601643"
"N,N-Diethylethanolamine"," 1.33967313","-0.30369101","-0.55115161","-1.26664378"," 0.00610411"," 3.00648521"," 0.86658283","-0.40055755","-0.81822071","-0.39445355","-0.93629129"," 0.65523159"," 1.11145500"," 0.09020463","-0.39378982"," 0.30441810","-1.14354564","-0.40971789","-0.92627690"," 0.29074335","-1.10878547","-0.71123232"," 0.99670750"," 0.69675209"
"N,N-Diethylethanolamine.1"," 0.4597783"," 0.5818629","-1.4980077","-0.2268775"," 0.9381232"," 3.0278630"," 1.5343852"," 0.7353535"," 0.3965517"," 0.5803071","-1.0229909","-0.2683350","-0.2436406","-0.4969007","-1.3838485"," 0.6838053","-0.4691787","-0.3564896","-1.1092426"," 0.2386176","-0.7581876","-0.2625999","-0.3851724","-0.6951761"
"N,N-dimethyl-N'-[2-(5-oxo-4,5-dihydro-1H-pyrazol-4-yl)phenyl]iminoformamide"," 0.13046564"," 0.27880474","-0.42431897","-0.60032743"," 0.28385380"," 1.97595166"," 0.24431412","-0.39144908","-0.63257810"," 1.59208579"," 0.11605285"," 0.71644802"," 0.38082703","-0.13783804","-3.60990166"," 0.55788614"," 0.12622018"," 0.18852589","-0.67713118"," 0.69400729","-0.23439958","-0.14808633","-0.35239604","-0.07701672"
"N1-(1,3,5-Trimethyl-1H-pyrazol-4-yl)-2-cyano-3-(dimethylamino)acrylamide"," 0.76726769"," 0.33809296","-1.43735669","-1.67229310"," 0.51962085"," 0.02751927"," 1.07019702"," 1.04293722"," 1.58504593","-0.38504697","-0.83802929","-1.28427416","-1.56387875","-0.17324068"," 0.70823220"," 1.39017406"," 1.24579133","-0.88687324","-0.24888206"," 0.99632156","-0.75344848","-0.60656350","-0.49819773"," 0.65688456"
"N6,N6,N6-Trimethyl-L-lysine"," 0.490723731","-0.794073291","-1.434745751","-0.246155401"," 1.446313160"," 0.383758185","-0.175700269"," 0.720728612","-0.160565249"," 1.914645290"," 0.866943949"," 1.235733872","-0.918554056","-0.887953887"," 1.032507355","-0.232199236"," 0.420820443"," 0.453757435","-0.003299379","-0.591440187","-0.290926939"," 0.073270552","-2.704888280","-0.598700659"
"N-Acetylputrescine"," 0.7224100"," 0.4336813","-0.9313981","-0.1816707"," 0.4195619"," 1.0395696","-0.1107233","-1.2572165","-0.2906916","-0.9256822"," 0.7132204","-0.8465249","-0.7799372","-0.9216109"," 1.4996063"," 0.4128883"," 0.1700946"," 2.3121652"," 1.3106176","-1.1652539","-1.1069198"," 0.1939784","-1.4799522"," 0.7697876"
"N-Acetyltyramine"," 0.34432298","-0.12190551"," 0.98329310"," 0.94988223"," 2.17291021","-0.58864711","-1.17634718","-0.44551983"," 0.86351697"," 0.13607486"," 1.35642280"," 0.22805680"," 0.10831916","-0.75146159","-0.06281624"," 0.33485022"," 1.07567551","-0.43688146","-1.34986505","-2.18074648"," 0.09259657","-0.93137101"," 0.70395383","-1.30431379"
"N-Benzylformamide","-1.3262844","-2.2586604"," 0.1284187"," 0.1436258","-0.9959698"," 0.6609073"," 1.1031100"," 0.1878408"," 2.1580915"," 0.9656543"," 0.2153605"," 1.1338492","-0.5029865","-0.5909679","-0.7052293","-0.5286251","-0.8008577"," 0.2516538","-0.5202695","-0.5152760"," 1.5304091"," 0.8278005","-0.8700970"," 0.3085023"
"Nicotinuric acid"," 0.92528476","-1.07947213"," 0.41285346"," 0.10556964","-0.75789607","-0.06034905"," 0.16447602","-1.24254513"," 0.66433366"," 0.25719181"," 0.30572034"," 1.66257412","-0.52553402","-1.97587358","-0.13186174"," 0.08668024","-0.02987437"," 1.12826672"," 1.02847859","-0.58588196"," 1.64467497"," 0.47968216","-2.33397519","-0.14252325"
"Nicotinuric acid.1","-0.9511686","-1.6143320"," 0.2899641","-0.2575049"," 0.6343513","-0.8080782","-2.2437632"," 0.6058913"," 1.4467777"," 0.3854344"," 0.7732008"," 2.2307137","-0.1943983","-0.1945666"," 0.2903184"," 0.2230795"," 0.2673374"," 1.2012106"," 0.2004076","-0.8675032"," 0.2079453"," 0.4970538","-1.0025577","-1.1198133"
"N-Methyloctan-1-amine"," 1.72967360"," 0.27312075","-0.37168989"," 0.67263253"," 0.32854899"," 2.41573096","-0.64258706"," 0.36422572","-1.16486134"," 0.89202675"," 0.10275828","-0.55235175","-0.22688446"," 0.05991097","-0.78745997"," 0.11991805","-0.99243355","-0.23744849","-0.58835727","-0.16188475","-1.90249247","-1.48881677"," 0.83832739"," 1.32039377"
"Nor-9-carboxy-_9-THC","-0.094051888","-0.003230147"," 1.221596346"," 1.438946661"," 1.907060838"," 0.077782116"," 0.638886760"," 0.438363388","-1.834440415","-1.337719845"," 0.406449925","-0.371044939"," 0.772405605"," 0.751067583","-0.712998676"," 0.319069037","-0.468677060","-0.443738223","-1.570026417","-1.170685498"," 0.985951847"," 0.235972917"," 0.399589734","-1.586529650"
"Noroxycodone-d3"," 0.86058374"," 0.11262490","-0.81147384"," 0.03636482","-0.17502496"," 0.16774435"," 1.04421403"," 2.36633192","-0.54040259","-0.28501126","-0.24332558","-0.87769037","-1.25701745","-0.94754478"," 2.29689390","-0.78882736","-1.12130044"," 0.23824298"," 0.06226917"," 0.77800629","-1.47242427","-0.65672372"," 0.58865316"," 0.62483735"
"NP-005614","-1.32060675","-2.02056244","-0.89925026"," 1.44322517"," 1.72130745","-0.36524823"," 0.20363971"," 1.30345538"," 0.60676320","-1.13478799"," 1.70845210"," 0.28681155","-0.46508834"," 0.17698493"," 1.20872973","-0.71765488"," 0.49611087","-0.71195914"," 0.52529939"," 0.05602599","-0.11649282","-0.77308843","-0.91137245","-0.30069374"
"Oleoyl ethanolamide","-0.35118179"," 2.52595038"," 0.96635197","-0.14411279"," 1.26325066","-0.67544906","-0.11490382","-0.36773842"," 1.14051037","-2.06258368"," 0.40825524","-0.08403568"," 0.61973021","-0.72131437"," 0.60813799"," 0.40646551"," 0.73163646"," 0.43365800","-0.55062304","-1.70929027","-1.18096903"," 0.05350753","-0.35998936","-0.83526300"
"PEG n12"," 1.03973978"," 0.02249946"," 0.24772789"," 0.72640464"," 0.87257011"," 1.76153909","-0.31362774"," 1.69143783","-0.96303003"," 1.45931401"," 0.67005060","-1.68244110","-0.92287176","-0.12327776"," 0.83378052","-0.44922965","-1.12514304","-0.56404710","-0.72692680","-0.19961352","-1.81644032","-0.90787634"," 0.33203503"," 0.13742620"
"PEG n6"," 0.99677595"," 0.22494943","-0.79041774"," 0.09259537","-0.27853881"," 0.18119144"," 1.08061374"," 2.40319855","-0.52730175","-0.25356412","-0.17034569","-0.71976974","-1.23562390","-0.92263896"," 2.33067864","-1.02642814","-1.10338216"," 0.17810965"," 0.12429864"," 0.70601267","-1.34216231","-0.77396154"," 0.48877822"," 0.33693254"
"PEG n7"," 0.97190304"," 0.35555438","-0.70683647"," 0.02602759","-0.18349521"," 0.42552361"," 1.22881085"," 2.38396367","-0.37052542","-0.33569627","-0.11821164","-0.78950057","-1.40581560","-1.01983393"," 2.18873693","-1.08960237","-1.08964070"," 0.14706587"," 0.12755485"," 0.67997975","-1.27792295","-0.77562867"," 0.41387956"," 0.21370970"
"PEG n8"," 0.877743826"," 0.238972322","-0.599771099"," 0.056151136"," 0.043512472"," 0.562660842"," 0.976428422"," 2.477775825","-0.469770428","-0.164509685","-0.036053556","-0.851191444","-1.327134177","-0.955158063"," 2.209194543","-1.019099977","-1.189513840"," 0.101870563"," 0.006220742"," 0.676572388","-1.269750099","-1.039912996"," 0.430689326"," 0.264072956"
"Perfluoro-1-octanesulfonic acid (PFOS)","-0.28976465","-2.07544012","-0.53422016","-1.25950150","-1.21294171"," 1.67615190","-0.79458573"," 1.51299942","-0.69075038","-0.87303256","-0.98877827","-0.84714215","-0.34390119"," 0.63227024"," 0.15872412"," 0.42124613"," 1.71962827","-0.07156894"," 0.65932688"," 1.14122118"," 0.23623648"," 0.69450191"," 0.61520195"," 0.51411885"
"Perillartine","-1.16671186","-2.47914428"," 0.85564783","-0.30416192"," 0.76492899","-0.32606401","-0.98276490","-0.19154348","-1.45791201"," 1.10849261","-0.34992774"," 0.96924165"," 0.08085477"," 1.39228625","-0.06492563"," 0.86620107","-0.92687912"," 0.66867153","-1.07348039"," 0.01922230"," 0.02978595"," 0.01193648"," 1.02201076"," 1.53423515"
"Phloroglucinol"," 0.5598270","-1.0396117"," 0.1438542","-1.4647601","-0.7283019","-1.1765751","-0.6275737","-1.5559976","-0.9667015","-0.1214102","-0.1430231","-0.3666855"," 0.7946893"," 1.9252729","-0.2927469"," 0.5576827"," 0.5744158"," 0.1917235"," 0.6762605"," 1.1613182","-1.3808875"," 0.2674823"," 1.8094863"," 1.2022621"
"Putrescine","-0.39695541","-0.30027324"," 0.35176412"," 0.57071170"," 0.01727474","-0.23007728"," 0.39311690","-0.35236472"," 0.25377723"," 0.27870218"," 1.02091976"," 0.46862072","-0.17673433","-0.63852922"," 0.76246639","-0.11707545"," 1.09356024"," 0.86848509"," 1.20867868","-0.86752951"," 0.33303392","-0.42062710","-3.87572943","-0.24521599"
"Pyridoxamine 5-phosphate","-3.16361419","-0.56774331"," 1.09668557","-0.36151872","-0.19172289","-1.93424160","-0.16863024","-0.44483038"," 0.70281422"," 0.64011046"," 0.40698949"," 0.51555465"," 1.71868789"," 1.15548195","-0.25125565"," 0.13495112","-0.72779907"," 0.65351613","-0.42424112"," 0.26712826"," 0.52780871"," 0.32313516","-0.07719336"," 0.16992691"
"Pyroquilon","-2.29060269","-1.43559953"," 1.75680468"," 0.33310694","-0.52347395","-1.10920166"," 0.54354301","-0.77640390"," 1.53866299"," 0.86518945","-0.14162543","-0.04560648"," 1.26103084"," 0.97592035","-0.84412949","-0.34775165","-1.28203831"," 0.26429708"," 0.55062217"," 0.03035138"," 0.89817994"," 0.56908837","-0.15281043","-0.63755367"
"Quinoline","-2.719892560","-1.207023602"," 1.544642190","-0.290218641"," 0.127333402","-1.529964392","-0.093798673","-0.313945652"," 1.290171044"," 0.168592813"," 0.917203641"," 0.302902925"," 1.487492057"," 0.002018735"," 0.674280125"," 0.182841139","-1.696481558"," 0.491346148","-0.221387080"," 0.460424087"," 0.688412039","-0.035350262","-0.082575246","-0.147022679"
"Quinoline.1","-1.5798593","-1.0256368","-1.2086684","-1.0614895","-0.5446405","-0.6823414"," 0.3522999","-2.2530723"," 0.3376233"," 0.3867542"," 1.2507337"," 1.4607733"," 0.9263234"," 0.5888942","-0.6488175"," 0.9059052","-0.9305008"," 1.2405953"," 0.7350425","-0.1638284"," 1.0952788"," 0.1038132"," 0.5241554"," 0.1906624"
"Thromboxane B2","-0.59252241","-0.56200752"," 0.61248719"," 0.40517678"," 0.36644587"," 0.80339131"," 0.76683708","-0.43446153"," 1.73346928"," 1.10642039","-1.11319419","-0.08576212","-1.22703559","-0.48574379"," 0.68273679","-1.33881399","-0.72015385"," 0.58121542"," 0.33926947","-1.27814463"," 0.35482068","-1.32491656"," 2.33009042","-0.91960449"
"Tranexamic acid"," 0.7757176","-1.0828853"," 0.1268670"," 0.1282938","-0.2472045"," 1.2899651","-1.9331157"," 0.6262301","-0.2821285","-1.0869831","-0.1283706","-0.1626661"," 1.8315229","-1.7728296","-0.1379778","-0.4303636"," 0.2691452"," 1.2366135","-1.2279257"," 1.3831144"," 1.1431903","-0.7033773","-0.2737139"," 0.6588816"
"trans,trans-2,4-Heptadienal","-1.86011201","-1.79464331","-0.17646820"," 0.35284422"," 0.59373686"," 1.89720327","-1.22202751","-0.49169391","-1.34207259"," 0.92350638"," 1.09721123"," 0.84473482"," 1.31791417"," 0.69434290","-0.69623549"," 0.24074448","-0.68235525"," 0.35367407","-0.60152974"," 0.34911162","-0.40511413","-0.63508614"," 0.01706207"," 1.22525221"
"Tris(2-butoxyethyl) phosphate"," 0.97831791"," 0.25026625","-1.18622169"," 3.13946198"," 0.26940587"," 0.90842729","-0.41334669"," 0.98268747"," 0.58559009"," 0.39934318","-0.97121125"," 0.82359541","-0.42457032","-0.48674117","-0.01141599","-0.32126495"," 0.85046561","-0.74949658","-1.10083699","-0.16554144","-1.44595152","-0.26990019","-0.77780906","-0.86325322"
"Vindoline","-0.80704637"," 1.40730999"," 1.13383393"," 0.40642291"," 1.20933951","-0.91442553","-0.50092583","-0.36229953"," 0.18870158","-2.91894373"," 1.18351038"," 0.40818176"," 0.02602282"," 0.00661472"," 0.53930396"," 0.09219124"," 1.04874488","-0.31408816","-0.17316287","-1.08737307","-0.13561403"," 1.34129452","-0.93904429","-0.83854879"
"_-Hydroxynorfentanyl","-1.31059000"," 0.17362268","-1.29640851"," 0.18311690"," 2.04082787"," 1.07837018"," 0.70187555","-0.80664439"," 0.45106256"," 0.21307035","-1.19502527"," 1.88372838"," 0.91469835","-0.65031594","-1.34075002","-0.61945494","-0.43553845","-0.22474116"," 0.84049943","-0.06942174"," 1.41631745","-0.35915457","-0.95495492","-0.63418979"
